"id","name","profile_path"
"17046","Gary Winick","/65IlEyU6HWKTglfAk7cQRelYAbx.jpg"
"18378","Herbert Ross","/zeeqJjMyWhYHDUyjqkwHAJtOMgn.jpg"
"1262481","Alessandro Carloni","/igd5EphyUtZKveyeLYe4eLTztxd.jpg"
"1213074","Steven S. DeKnight","/5AsVXNHJTqhxfwxfhxKe7eeKMUu.jpg"
"563824","Álvaro Fernández Armero","/oHK7f5hNrNL9s15GZGYmd5MnDGO.jpg"
"1461","George Clooney","/4s3wI0bqOP7K3hhcmKqV6m3GYiQ.jpg"
"9181","Edward Zwick","/RzRjOpqfob68smXTj5RPjankKr.jpg"
"20219","J. Mackye Gruber",
"20218","Eric Bress",
"23964","Gary Ross","/fEZbjmP02SIaXf1PLYhBE7uzWGn.jpg"
"56412","John Requa","/us2MW8nuMI0NuH6BCFoN6Gdoahn.jpg"
"80762","Naoyuki Tomomatsu","/yK30U4VbRV6aNLlhU7PWDJN5vjs.jpg"
"2303","Wim Wenders","/AbqrYglSgaMfetQAeqdHaqiPSof.jpg"
"11505","John Hughes","/1Pm0HXRXSwz5BON9HHNDLdl4HjZ.jpg"
"54472","Martin McDonagh","/pyDaAVKa8akTLHXzeTyF8oGymXN.jpg"
"77357","Rupert Wyatt","/m3KzS9wnfgAWD0ppIKQEQcTtM1S.jpg"
"57741","Mark Osborne","/6mIJet9Jhpwd2PuVlBzG4VqItAj.jpg"
"13927","Kurt Wimmer","/w6yuLCfWRWXcFfAcTAmVV3xceHC.jpg"
"81850","Duncan Jones","/1YD0ODUMoibJTNbgWwN0l0d1sT0.jpg"
"1061941","Hafsteinn Gunnar Sigurðsson","/alsA3mrFkXazZ957VX8FNhsaA4g.jpg"
"57742","John Stevenson","/b2aresqm1BcUuCuJN0PZfWbrwmi.jpg"
"56411","Glenn Ficarra","/23EaR6q7B1wcg9trxtr7xHzKu7q.jpg"
"111242","Diane Foster","/5fLk0zg0R21IT7MWYx8GQxDmLQw.jpg"
"3632","Richard Brooks","/r3zFUrYDn5tDDpIONAFLPhEkfBt.jpg"
"101666","Paul King","/hDixADZQOBP0E3G9ZxC4kuNHO0.jpg"
"935266","Tammy Klein","/rpdP6Jr4YfQSySHH0AJcFfz5lou.jpg"
"4723","Brian Helgeland","/3nva1KGfPZMhqxBnr5PymluTOxf.jpg"
"1491269","Artemio Abad",
"58838","Marco Brambilla","/66AB1CWZrHfk7QbjIqpHXSfRqsk.jpg"
"86051","Joshua Logan","/r1vfrVc1LxtZipn4JvMaiMXA2LF.jpg"
"3893","David S. Goyer","/gf44Hr3HJuWK7ZMHQKzDNBe0ylI.jpg"
"2808508","Brian Deane",
"2559","Henri-Georges Clouzot","/lKljbdReVkqhwTsjBcuqt1Uwiiq.jpg"
"34613","Philippe de Broca","/78DpaNfRB0kSDVzWeeOxYiYHBjt.jpg"
"1","George Lucas","/WCSZzWdtPmdRxH9LUCVi2JPCSJ.jpg"
"2138168","Alberto Corredor","/zpZ8OmkUgZ1yVNK1AXLbyytSKl4.jpg"
"1224","Ethan Coen","/ccvoiEe3gEMAth1Oy8SJxVeMcAk.jpg"
"54248","Christopher Landon","/7JpvZGiMnGFOs2NhXgONvCfdpH.jpg"
"1223","Joel Coen","/rgVaJNkZCgMarUcZuUAsVfXMWk3.jpg"
"7","Andrew Stanton","/tRwWuo06aN9vuXAPaswMN42x2ii.jpg"
"80752","Shinji Higuchi","/xSEJ6JtRQQGpNwGruTjjYSzzN88.jpg"
"2518227","Celine Song","/y3LRIOp63f96fCSf2eTANgY8bQU.jpg"
"2779079","Miguel Puga",
"8","Lee Unkrich","/crb297utC6W4HSstOe5djDPTwEN.jpg"
"1943702","Lee Chung-hyun","/9gBVx5eytTz3LAzj2SvZmasSrdM.jpg"
"936584","Laurent Bouzereau","/1gVpS5EGGwXXry6xSXo8xfkDlBu.jpg"
"12840","John Badham","/hh0EssedcgUOICkZywbVuwVOJO4.jpg"
"18598","Ishirō Honda","/2b0f1J1ineDGWwyzkrUbU1tzJhG.jpg"
"18357","Peter Hewitt","/b4KMprf8VqbAToPrEkH69mqCvtn.jpg"
"1777275","Daniel Rübesam",
"18596","Taylor Hackford","/aAP9RYT7XxUiC2NZL9Hi2gEdxGB.jpg"
"21526","Rod Lurie","/csMmRRZBBEjrEqdUCkmwH0I2e6o.jpg"
"1574550","Ali Abbasi","/1mwdpvwjAG1NkvUwpdBMEMJnjK2.jpg"
"3415","Jerry Zucker","/iSzdnge16GBKLkBoTM4mqUIWIxi.jpg"
"74091","Makoto Shinkai","/mSCk6PmAR99bCsKJYlMx94vq5qe.jpg"
"583687","Reem Kherici","/ooCqi8eDnUjtQb5IC88r7Edre1V.jpg"
"138500","Albert Mak Kai-Kwong",
"814","Tony Kaye","/6LoSxSGfeCvdLkYFeM3op00OBeq.jpg"
"5834","Robert Stevenson","/AfqR78fhdCGcCo52zRbUuSYwUsO.jpg"
"4746","Robert Lorenz","/rzScPaVbrCTFk9KmKYrP274icJr.jpg"
"89596","Joaquim Dos Santos","/w45GPb3cW6TqPw4FxB5Hc6zzAwx.jpg"
"16187","Jeannot Szwarc","/buRkq78ejmmavizI8nSS6nILJNN.jpg"
"70500","Tom Hooper","/wRuokdzGiSh2MHd9cYQQ9KGVFFj.jpg"
"4762","Paul Thomas Anderson","/wKAs2LtLYSUzt3ZZ8pnxMwuEWuR.jpg"
"1169024","Ilya Naishuller","/gvBwViahAMgKrrXi5RX69JZ60dY.jpg"
"1870473","Valerio Esposito","/2AywC16ei5x0VCB9VarMHKo7qev.jpg"
"227439","Don Hall","/wT8rqrI65ROqwuJUGEv1A0rLoE0.jpg"
"226599","Norman Ferguson","/fp0NPNlKl08kKbEgrlgvmxJJC7L.jpg"
"1904110","Charlotte Wells","/zXSwzw1HjNZPMfLzlPWtvpjBNpe.jpg"
"1243","Woody Allen","/wcPQgZLDibuej1RwNTy1R2U2ZJw.jpg"
"54025","Karyn Kusama","/pfVHh9OEfgYPouqO3aSOxwmqoFS.jpg"
"5602","David Lynch","/b6TnSpuqeOlbq7aHH9G4inmQ1v9.jpg"
"4755","David R. Ellis","/zw1ccRyxUBy0y7JDdXTZAYg96xd.jpg"
"135480","Enzo Tedeschi",
"1179066","Wes Ball","/zVPXrhuAxYAWlwDEWCaqeUPycFx.jpg"
"88253","Barbara Białowąs","/vhf5l82ItqfVTwioqlZv1ab0v19.jpg"
"71600","Seth Gordon","/3V2gHFkbez8iGTdlYyS9NxMujfw.jpg"
"21981","Harald Zwart","/1ncMe83Yo8SAj2o8z71eGQUPMBK.jpg"
"2352","Jean-Jacques Annaud","/dSVa9BbqtcJmH8YJmVtna0ciBim.jpg"
"1443386","Brian Fee","/99PPaCEodxKzEz0oPbPioWXiCPN.jpg"
"56214","Nuri Bilge Ceylan","/5jH5pWhdE0Xe0renmFjCBdJV9aQ.jpg"
"1189072","Leah McKendrick","/zB4x8f3HmzemgTdOMBGCwEZL0UP.jpg"
"135651","Michael B. Jordan","/3EhMq9KKngojas9shTRjdCAqpav.jpg"
"2235551","Xiang Hesheng",
"2235550","Xiang Qiuliang",
"17016","Neil Jordan","/uZ7CvCLTKb9qxjU4VsTNeyMRucd.jpg"
"40256","D. J. Caruso","/f1SZVhhjvzVot596JYVJdf60dWY.jpg"
"17494","Dennis Dugan","/3QH2wJ1eVBLT3Vi2GNVO5TayXEB.jpg"
"1706480","Arkasha Stevenson","/a6wsFI0sdD4n9wALBIryOLuGsPj.jpg"
"1032","Martin Scorsese","/9U9Y5GQuWX3EZy39B8nkk4NY01S.jpg"
"3451","Mel Stuart","/hOMTPvZtyjyGeH5q86YOlggm1kl.jpg"
"1229448","Eric Fogel","/bLMOM2SekH76QUJWDkF4OP6tXq2.jpg"
"54040","John Lee Hancock","/ytGKxuC1sFUmd68jUwDA37Jn0LG.jpg"
"1031251","Jonathan W. Stokes","/nAK0grvLv5sJscqw6RF0NZk6qYy.jpg"
"90591","Oren Peli","/1GQMVWW2G7CpR3kSZMe348CZoQh.jpg"
"57314","Wolfgang Reitherman","/vPQ0Hpf5mtlIcBKQcyKxExio8b0.jpg"
"1033661","Travis Knight","/cRLgFEw2mvMsNqaxQKqfgpUhzBD.jpg"
"1269","Kevin Costner","/bykmxJHLfbFM3NT05RZXhx8YTzF.jpg"
"1193575","Terry McDonough",
"88039","Steven R. Monroe","/tLx7oj4gD4hE5FqE5lULZ8lEjDR.jpg"
"1082434","Michel Franco","/9pcGCe3CD4woEB4D8t6V3A4q2vQ.jpg"
"71609","Joachim Trier","/9N4tq2bIccxiQwPh1UGBv1OMlA6.jpg"
"607","Zhang Yimou","/uU5vECl94jDQYjiRk4eOpVRMEi9.jpg"
"608","Hayao Miyazaki","/mG3cfxtA5jqDc7fpKgyzZMKoXDh.jpg"
"43993","Christophe Barratier","/4DQK2jkHYvWtJhXkgo2SwSB4ZVo.jpg"
"67367","Rian Johnson","/uPWwvdppeZVKPbYcjXKU8zyuAVh.jpg"
"1481876","Felipe Gálvez","/fk6coQBF3JgZZQa1qccyOdmeqiM.jpg"
"16378","Mary Harron","/NAUg6eMuJ8aIzkLiyxVVxPEKEX.jpg"
"16377","Jerry Seinfeld","/9OSptNQPVCUKZs1J3tqKcwtaB2v.jpg"
"15287","Niki Caro","/ooJcmnhX9qJ0E7bCdSQCxr7JViH.jpg"
"2966484","Magdalena Lauritsch","/lvERjYk1YkpPqKlkhKR8C3kZgdj.jpg"
"1096867","Thea Sharrock","/qFfzWqgNnAuYW1OZWQci4smF49F.jpg"
"3581387","Tina Satter","/zkyId8L6JRJDtEFxZDDTcQkFxim.jpg"
"2808515","Christopher West",
"54050","Mark Waters","/afouy66zeJ1hn7fcjLp8QkcTeQJ.jpg"
"6729","Robert Benton","/309zHbAHOXv1PffWz4C9SEEgEGa.jpg"
"2128","Leigh Whannell","/wvoTbsROOHfCqJ3Voe9zpal429L.jpg"
"2127","James Wan","/qCgFcNkKUYlFF57uQUAIjC4nf5Q.jpg"
"145228","Jalmari Helander","/vqmzsl8dQpjiFklM40HGCSRAcis.jpg"
"58897","Sam Fell","/JolkSAddWXrhBSLEQeNZpQNRi3.jpg"
"1035","Paul Schrader","/ctRxgCUSRFudwFaPG2AanL71Y3V.jpg"
"93406","Elem Klimov","/tB7F8OpDLa1bwVmB8prMRmg9C4U.jpg"
"5877","Vincenzo Natali","/rvYH9Ns2rTZ4X8OlMkfSCh7FPET.jpg"
"1320870","Thomas Cailley","/1lunbAqLRozIbcXFgH8eZE02ky2.jpg"
"19896","Jessica Hausner","/ZnNp71lxHD4lv5kB6i1pN6K58h.jpg"
"69797","Dean DeBlois","/miMZ0l4rY81NiyMviWz1BeTGtuE.jpg"
"20400","Tim Story","/9tixtZ4m2gpfBXPpVS2aFhGZg9D.jpg"
"1245934","Mark Gustafson","/84ASwEwmYzbV6Yqp8Y539G16tif.jpg"
"155267","Christopher Miller","/dr2yCgYtmNmO5vzjk9KNbjTpbzO.jpg"
"20640","Chen Kaige","/8XLZnrIzTjtee1eGOkxGWMWo8SE.jpg"
"72960","Alejandro Gómez Monteverde","/hComfoqIuLYwomU8oQ3QhvZZHR0.jpg"
"1893777","Cord Jefferson","/fZhYZq1Q1llGA4EO7aFYNhuw0zd.jpg"
"20646","Gabriele Muccino","/5Q1ZsgR07XhNU7dHMXMDGyGD3s8.jpg"
"1507725","Blitz Bazawule","/kxkbGIqHic2KCCBZBQ3isrkv7fG.jpg"
"10601","Joseph L. Mankiewicz","/qfs773ZGMwojZTl0WKM7b7qh8Mu.jpg"
"4584066","Kim Ji-woon",
"931952","Lee Isaac Chung","/fwiIh7jECjefCco3ZCdug6i3t9U.jpg"
"29214","Anne Fletcher","/8gD32nqf3fghg6FZhDbHxuowtyu.jpg"
"143059","Patrick Hughes","/1yTU7U9HVchCQ1KO66noEKuK5J2.jpg"
"82511","Will Gluck","/facxxJZFpnoufJIY4jU9mC7RGKx.jpg"
"865","Michael Bay","/rkC7lei20x5xlFH4SivAXXBh6uR.jpg"
"628","Isao Takahata","/xTkZOWe1VU4xNba1lO0T9trFLHm.jpg"
"6737","Jay Roach","/48uTxNDRlnP56quVewyByotKAen.jpg"
"2036105","Stefon Bristol","/p4dycxBbucYkRFAFCHvG9PQ5rJ1.jpg"
"1275319","Moritz Mohr",
"1774382","Laurel Parmet","/mgym5G201jzeD3vUFmA1K4yuV9n.jpg"
"10491","Paul Verhoeven","/wxkroRBtM6NKZdx9sYLFfFSGnaR.jpg"
"1138129","Filip Zylber","/rv5jEzYfal0EOqVDy3IkpKUWscn.jpg"
"137467","Ben Wheatley","/d9MEfHUzizFSB5IdrsGxG8vYBLK.jpg"
"1673686","Rachel Lambert","/9fT70WLvScXPErEhmCHNmhrXDay.jpg"
"1317686","Bryan Woods","/253lxpX7nAJIGWigf1XSyNxGlH8.jpg"
"206574","Mark Williams","/dmOeFb4qxG5TmDy1RW8CBzCCEOT.jpg"
"2150","Kevin Greutert","/3DH6nYVFih0E1boJiR6jysFTM59.jpg"
"1898633","Takehiko Inoue","/omtKRZenowcgI4azZSWuATShj5G.jpg"
"1317685","Scott Beck","/AhRtX9KRTAVNFTAF9sKDQrlqJfE.jpg"
"237072","Kobun Shizuno","/gsADTFzC4ztsVaNWDBaLbT96H5Q.jpg"
"3239","Ernest B. Schoedsack","/6Sc6QdjxCawnFHdx3P56JT3BzIe.jpg"
"3238","Merian C. Cooper","/sK5FUDK9CXW5pHtNRwTTp5T8Vxn.jpg"
"76422","Ric Roman Waugh","/cu0MJd4exIgSLgaE0uwMDTFQcpA.jpg"
"2388","Jonathan Frakes","/gPirDX8cel6bqMdDM5VnkMH2ZmC.jpg"
"876","Jonathan Hensleigh","/5TAo4TG1kqXWFhOf3ahhkQSfdOj.jpg"
"105866","Marco Bellocchio","/kPpSeOFc8tsdiyQ0L3pnyLnPCXv.jpg"
"5655","Wes Anderson","/b1LH059EGnU01rsZwcqYzNjY7w9.jpg"
"7832","Oliver Hirschbiegel","/6BcZ54IsaNJ5wBqwV7cVTG0QwCb.jpg"
"1230252","Peter Howitt","/rULzO7TsxYzdfgevc2kILxsoYWN.jpg"
"638","Michael Mann","/syowcptZIOosLMwVWbXFOU8jVvd.jpg"
"11343","David Yates","/fiIZNbwdK07ntpE2wpLRIMuSXEy.jpg"
"53304","Peter Lord","/o4wdGjIkgwJdu7rtVdJNe6mmlIL.jpg"
"26849","Daniel Myrick","/xD4LswCRryKDBKToVDWs1WTmNGj.jpg"
"238156","Mae Cruz-Alviar","/6HKYnn1AJPyLWAsdtOB53hacqJj.jpg"
"65530","Mike Gabriel","/yiPCSJTTssKcZt8xHeWMcFIeKxL.jpg"
"62020","Jack Sholder","/mXTCImVmjqNharbLUCjnaOwjapj.jpg"
"112159","Art Camacho","/5r43Lo6EYrtqnRdzHKgioyrNruN.jpg"
"74008","Hans Steinbichler",
"65531","Eric Goldberg","/pqulcFpHW4dBLNUeflN5BY21yTA.jpg"
"2070453","Danny Philippou","/nuFJWBT7NCtgM3k2Ug5WAV7P4d8.jpg"
"2070452","Michael Philippou","/mRoll1HB1fdsSE8lquSgFzX3NqG.jpg"
"94075","David Soren","/8tpISIgfN3sdV2oZIYW8ol6m8xa.jpg"
"1795072","Nia DaCosta","/zRyaLNXLT2gKgPvLreyg3GeEIdD.jpg"
"1071","Tom Tykwer","/cu7F4AulzRbj0dZH9s5pRM61w64.jpg"
"880","Ben Affleck","/u525jeDOzg9hVdvYfeehTGnw7Aa.jpg"
"1091979","Nisha Pahuja","/xurCjpxNkCMLYzfB7kl0lkqV9Tx.jpg"
"32278","Matt Reeves","/cZSKCow6JVlQLgU9doSCnSTB9Pw.jpg"
"35785","Siddharth Anand","/9hQ4sX2XgOWvfJFv39z4uYrisqs.jpg"
"648","Philip Kaufman","/AtTB8qM4UsifYsKtEPgQSCibP5s.jpg"
"3242539","Yang Bingjia","/texDB4mJqdUcHIcOgh7nb4vWWjG.jpg"
"13776","John Frankenheimer","/8a3qZrHQaj5JBG1uVv6NdCC7PK3.jpg"
"54649","Louis Mandylor","/skvNBR83wxjbFj6XuLxWAhCZTmh.jpg"
"64210","Maïwenn","/nz6tszk7cV3e3D2qdmQujyLJzkG.jpg"
"12890","Pete Docter","/xz46mHzo8apkVMxmrkMQvqakOL0.jpg"
"1452270","Larry Yang","/67ofxstctYR9sK2Vg1m6YStsafT.jpg"
"147050","Mizuho Nishikubo","/u2rlA93gswTpWE2EX4KNlQRxros.jpg"
"66633","Vince Gilligan","/z3E0DhBg1V1PZVEtS9vfFPzOWYB.jpg"
"12891","Joss Whedon","/mVvpZnKYKSCtkOQixQnOonV5kv3.jpg"
"64211","Franck Khalfoun","/nzXKV3T7fHMBzRWzfYozVl8ZfwQ.jpg"
"3380680","Brandon Murphy","/5K00tcKjFAFS8EaUL8fb7fkQzIH.jpg"
"1503508","Hiroyuki Seshita","/yzuctLVnrJI4a25B5i6AMlgnOka.jpg"
"68813","Céline Sciamma","/j35wQETDUc6CdzIgbKWkeahlTlG.jpg"
"22215","Michael Showalter","/AtX8Eli8Cg8g8HrcRJDBFnplyN0.jpg"
"131709","Bartosz Prokopowicz","/zWjA8SSPJZnjxuo9FdQ3sAazp7.jpg"
"893","Tony Scott","/zEEbiNa8Pqw3U6pZ8Z2y3dlJJnC.jpg"
"2518096","Stéphane Bohée",
"55983","Jim Henson","/93vzGW2kWwmAJ8HpbErzKMHXDME.jpg"
"37710","Peter Hyams","/duAvOEQ7Bt3RoiyBzFmlOawcCwW.jpg"
"6767","Larry Charles","/rt48JIfeIJPNNZftESWnMEuzAXN.jpg"
"4109","Michael Curtiz","/AnxPuEsdjPTJ6uIaHY0KdgBeu7t.jpg"
"1383612","Daniel Kwan","/9OgOnYB8g7cww2LOMfjP6oFE5Qc.jpg"
"5690","James Algar","/awqwWqAZ4b6rBhivYfLDbnsxLQe.jpg"
"1090","John McTiernan","/yVfDkVbgQHD1A7JSV8Z47EjB1mU.jpg"
"237089","Stefano Milla","/6mBqD7PUKOmFyYYM90UmLHtFw94.jpg"
"5691","Samuel Armstrong",
"65310","Kenny Ortega","/cZrsOBr1tp1nNPJ5xj3uao2XQbJ.jpg"
"65314","Giuseppe Tornatore","/pjVrtNGsCSNs5IeRVr34PMn1hVR.jpg"
"62047","Gary Trousdale","/yczbyaRGnhWYGU5OeFtTrzVaR87.jpg"
"62048","Kirk Wise","/7UjxOiWuIXGUrxHNSNZ7eaUCgHm.jpg"
"80924","Björn Stein","/pcynK98rOCnZF9wEjSuVNQpyCOC.jpg"
"80923","Måns Mårlind","/ifL7bdaugE9BCxX1V7fgihjTWaN.jpg"
"1299380","Nima Nourizadeh","/s8jof2uGXSXmo0El4D1RYZaXxeL.jpg"
"1720199","Ángel Gómez Hernández","/dVhZGpcJnBgWDJVyyBE4mbHPlcW.jpg"
"47506","Drew Goddard","/rcxxyIGDgPkXVgAQb9LLXfR89pv.jpg"
"1092607","Benjamin Renner","/yp4ucXRYU5TdMj16glyoYYoxJcw.jpg"
"1659144","Julio Torres","/oveoXN7fZFIeL5G1fJ7Dk5SJeNc.jpg"
"2417343","Victor Català",
"3026","Rob Reiner","/rcmPU3YlhHQVzZlV197qhmRsgEL.jpg"
"1419018","Yoo Young-seon",
"228134","Rupert Sanders","/jG07WemmHOWQvYnKPSdNGioGg7A.jpg"
"53333","John Hillcoat","/doH9hSWTBcPJhX7QzxhseKQWbqT.jpg"
"7623","Sam Raimi","/8gssvwiPrFRuFRlr5ruKx68k1Jl.jpg"
"5446","David Hand","/fZ5OKDm8YJmAfzPdvatMGuCRDu6.jpg"
"21370","Roger Donaldson","/pPFxPo05qMvZSJ3Rs3YwD3tcUvb.jpg"
"10001","William Wyler","/5g7xJnlLj3Vyph1WE6N4ak4K3la.jpg"
"43141","Pete Travis","/t8XwgU9MW2izGcH8Fv8dmczAlTB.jpg"
"6778","John Guillermin","/3MR0AOdquJhgXHRvkew5wbfgYAZ.jpg"
"1400889","Oliver Thompson",
"137427","Denis Villeneuve","/433lXlkdMGXzrpwnKM4Ul1sln15.jpg"
"1536696","Marija Kavtaradzė","/2CfSML3BvVBbZ0LsT4fMRL5dLPA.jpg"
"3288","Chris Weitz","/4HONbwCefKNKBXafRRjXZN00wJE.jpg"
"1094821","Matthew Ogens",
"3045","P.J. Hogan","/a9nTCDzLrnrEgD81WiRvZ4zN1VX.jpg"
"934803","Josh Trank","/cRuViuaRcRnI3CpCIiYZOhWVwk1.jpg"
"221522","Edward Berger","/aBpMZi6vqvY9tacRIALPnXpde2t.jpg"
"76462","Richard Schenkman","/dOtAJug3jZeAE5tji7Dg6HBlWsv.jpg"
"1498538","Emma Westenberg",
"7879","John Lasseter","/gAVAZZHBa1v3gTcsWcBUwiHcyA0.jpg"
"5216","Gus Van Sant","/kICHgrSh4eiICjz8piy9fTXIgph.jpg"
"37932","F. Gary Gray","/lVbwLnxtdiQaS8oGWFZMkhATLc5.jpg"
"56857","Peter Facinelli","/dedS4MpictN0kjQsPjjZSQwZoee.jpg"
"36602","Peter Berg","/1pR16H0zqRG49ns8cYykYpodgGF.jpg"
"1257537","Mark Herzog",
"1673258","Anthony Cousins",
"5231","Wolfgang Petersen","/8TTijeJBFITOhvJruS68aCjwK9f.jpg"
"4385","Sergio Leone","/2576qoW8l9Z1nKGM10ar60aIwUu.jpg"
"2094921","Tanith Glynn-Maloney",
"68844","Hayden Schlossberg","/kLkKtht08e9Z451RpD5l5ebpwZu.jpg"
"3438261","John Stephen Baltazar",
"67753","Mark L. Lester","/ioa8RxmIBPUqmeoHLetFSLrLK4Q.jpg"
"68843","Jon Hurwitz","/fl3yAMOLbQFF86m8amwH2Ufntjs.jpg"
"8500","John Ford","/ffgVJWV8pDomSdTkjOqdrwMX9G6.jpg"
"19272","Joe Russo","/ph1GRCWVKk6Mz9lMBrxKvlb6Imo.jpg"
"34891","Mike Johnson",
"931525","Aaron Nee","/iOBmuzOPSDDPRyUIS2CGc7MIQyC.jpg"
"19271","Anthony Russo","/xbINBnWn28YygYWUJ1aSAw0xPRv.jpg"
"18184","Xavier Gens","/zZ2ZtJeBq0yXB1Z5hSztarGt1yN.jpg"
"3055","David Mackenzie","/ik6YTYOWdgmou40xRyPlCP4tyGC.jpg"
"19274","Seth Rogen","/2dPFskUtoiG0xafsSEGl9Oz4teA.jpg"
"182001","Kelsey Mann","/fK0QGrUmIPmQdyVXY3aFFafFMC0.jpg"
"1576066","Um Tae-hwa","/aSTTNIhS2Ubj2wFtKba1SOCom5L.jpg"
"201","Michel Gondry","/1IAnVsl8JgHpUirBXpsbLlWyS1y.jpg"
"3289","Paul Weitz","/54Np4lBqGM36uwpzRc4KztJxGJz.jpg"
"567562","Phil Johnston","/vJyBKru0qi8YKiTPSxaZj08mkOS.jpg"
"12881","Gary Goldman","/5h4NQ8dj2zWvd3rYGUFCGsPaCJn.jpg"
"7409","J.B. Rogers","/3XO63aCsKGwKpXB9aeyPquWmSWi.jpg"
"19242","Tony Gilroy","/tjKPe7Yq68p2IaaCAdSOmXStOKq.jpg"
"62079","Janeen Damian","/ygC5V5zwdkiW2PMIxayVv9ue0zw.jpg"
"19244","Michael Winner","/hxRlptqgGWLDNf5IxSn7lwkFl2W.jpg"
"3194358","Jarelle Dampier","/npoTUEiYLmGutr6uC2TKdz6nZj5.jpg"
"1485396","Albert Pintó","/amvIoMKvKb6gw9tiPDWKbeyO4Vp.jpg"
"1056121","Ryan Coogler","/40n61jOMzHpDSnzLBQOSEEWlxEw.jpg"
"965770","Carlson Young","/bOSYNvEGbBuBhhZpGLdt4mHkdS.jpg"
"12859","Steven Lisberger","/oyYWTrnNthn5l6rbR55oURe7D0t.jpg"
"1687877","Molly McGlynn","/dnzYI5ygVhFO0abHKCGsMgdaE09.jpg"
"53120","James DeMonaco","/nH0LS98m3ZiAgIqROLYrr9H5DnD.jpg"
"455","Paul Haggis","/bO2CPKFOtv1uigPM8crWTC071wr.jpg"
"2569440","Paul Street",
"55789","Tate Taylor","/iupMPA0UwdFAO66fjlsHF1iZlT5.jpg"
"138781","Robert Eggers","/xdN30BowN6uLjeNXYWWZINeht12.jpg"
"57727","Robert Clouse","/q1lEWMEJOmiIwEteGtZIdsscq6l.jpg"
"33317","David Leland","/9nWtHb2usnfeGXScwLmVpbFq6S9.jpg"
"2880061","Ariel Luque",
"5010","Todd Field","/KR12bc20pVnlTr0wir8XuxW3Pt.jpg"
"86270","Joseph Kosinski","/oWLUXWY0j8TYzwnf2wETYWO181S.jpg"
"9855","Terence Young","/5Kq0XBQ4VxD7WHztKthdIF1XxVP.jpg"
"147021","S. S. Rajamouli","/g7jXGAVT8T5vq81fO5JWDleDc75.jpg"
"1058775","Julien Knafo","/ablyL426flBUA9KQH2l50RsG9lk.jpg"
"223","Alejandro González Iñárritu","/qWrltG9e0ssM3Y9pF86EAgteKHu.jpg"
"224","David Cronenberg","/kLHnBnUomcH96PdLRBnuZUzRoY1.jpg"
"59918","Rodney Rothman","/75yKuJr1wL8qesEDYL2IHK67BEx.jpg"
"11770","John Carpenter","/ghBgALx0z2hGdY32eG9VL6dPyhz.jpg"
"58829","Darrell Rooney",
"138797","F. A. Brabec","/oKi1kwC6AaWIaAJSsRTT9ZVYRCo.jpg"
"999760","Eran Creevy","/aKUdK4llvXFD9RRITqNXJaSdN4V.jpg"
"545330","April Mullen","/kkpPBHkeKEa0CXsUEP11hOh6htk.jpg"
"66681","Matt Bettinelli-Olpin","/gVb02wTpNfD2YN5oyJL2AgeFP8x.jpg"
"129561","Josh Safdie","/bNYM97KLLVoICe3fZt6bKbvXV8d.jpg"
"1703223","Aitch Alberto","/ifzrnG8LkjWtlQeXiQC3uuco391.jpg"
"1052664","Alê Abreu","/q9XfSr6jcCNFfLWcSbDlyXKRShC.jpg"
"13484","Jim Sharman","/Av2m8wJkKOZnlpedE4YXteTXjLE.jpg"
"2399109","Pawo Choyning Dorji","/tdKBTSONfdwGB419Ts572zk0Auo.jpg"
"130311","Paul Middleditch",
"5026","Akira Kurosawa","/eGexa6MZ22T1MZxce1qR3RcAYaS.jpg"
"2254709","Arthur Jones","/sVWSlKeeSUQkeR0rwWDSJmstHwG.jpg"
"58393","Yan-Kay Crystal Lowe","/9M9FbnKMTTqgJmWrsKqviewLrmj.jpg"
"121830","Nathan Greno","/eFE9odW9uzWAGomGFmmusxJT1Ee.jpg"
"1661862","William Oldroyd","/e3cJeIVKozF9tCPfGoJVi066VTO.jpg"
"151007","Peter Ramsey","/eAL9QdCEYyxiMP9cl9lQddg8zEa.jpg"
"16513","John G. Avildsen","/cBpz7xPTfT0cfPhQoGrp7x7esma.jpg"
"1586194","Jenny Gage",
"139135","Lena Dunham","/nRMeKctDpp5vgYCbrFXEmrAch6k.jpg"
"1214840","Brendon Small","/6JxTIOo6iZ3QE7OkRHylm3EsJeB.jpg"
"74629","Jon Keeyes","/2rDJfpaD5fzEYzMcCs4eQlzqkFN.jpg"
"589402","Adrian Grünberg","/ubhQE5F4orGeAuQYN1PoY8ZJc3n.jpg"
"8300","Kevin Reynolds","/nLFx6wt9DVeYjTv2abGdY09ALsm.jpg"
"47005","Alan Taylor","/sXC2wNRo7lshghNnNaPdWQ9sqKe.jpg"
"7213","Jonathan Mostow","/yRMYvjGLIf0aOUKVLnU6jSpR1oQ.jpg"
"72467","Thaddeus O'Sullivan","/dLWCnzk6M8gH65tGEKp1UsZdOn4.jpg"
"1003245","Donovan Marsh",
"94471","Jon Gunn","/e29isH4oYqWvhovn6GbkJnfRJq8.jpg"
"931327","Christopher Zalla","/90jkloUBJroXXUPGhykAOdgXzBg.jpg"
"79082","Randall Park","/GpERQxWcT3TXLHpH8b6hIyUazK.jpg"
"1285812","Jesse Moss","/i1KDN2yRRN1lLOKk9WuPCUtxNyv.jpg"
"1285813","Amanda McBaine","/2d48D10x3cybpDmZvCu4OlQbA1c.jpg"
"240","Stanley Kubrick","/yFT0VyIelI9aegZrsAwOG5iVP4v.jpg"
"1976040","Emma Seligman","/qtB5lB3wl3m04XF8iyTfhlBzaGn.jpg"
"84439","Julien Leclercq","/xP2OPVSMg2S19A1KzECnaqswqh8.jpg"
"488","Steven Spielberg","/tZxcg19YQ3e8fJ0pOs7hjlnmmr6.jpg"
"2012619","Kang Hoon",
"16767","Aki Kaurismäki","/kiJErWEOv4Ew7aHOGKg4ljsmppZ.jpg"
"60243","Rob Schmidt","/cOZEh8p41XTs7ACSreS3UGWUGnR.jpg"
"13015","Phillip Noyce","/t41FK8X4egnSLNDexVUZ5yGq3XB.jpg"
"232685","Wuershan","/jD6CLgoAr2qrl7VwJpXZNAIiIxH.jpg"
"1902848","Kang Yun-sung","/vcKbBy90sl1BOwKYpHz57lA8G0X.jpg"
"1578590","Jeff Rowe","/iXZGSHM9C0cNkxs7dlAUPVOKGvm.jpg"
"8557","Fernando Meirelles","/at0fRZl4fJwqaytXOfvgs1lOM9E.jpg"
"7467","David Fincher","/yV36WTsLBAGyYVUQshNdI8hyk9l.jpg"
"59265","Adam Cooper","/7AddkFlFahwxjb3o8WjehT64lMI.jpg"
"1731915","Kitty Green","/h5ODa9h7LuKGYvdpgion28lMU99.jpg"
"1500758","Ángel Manuel Soto","/7lu6zFhXB1Na5ANy2pPTIERaAhi.jpg"
"99710","Vidhu Vinod Chopra","/qIkXVHUETdK5pVplHMgmgrGAa0M.jpg"
"5281","Spike Lee","/2KOHXgk2uoRXl6u7V9xpAIo3uay.jpg"
"986029","Paul China",
"142312","Jennifer Yuh Nelson","/opLn7bTvqUOkio2OrZU5Ejam6cV.jpg"
"59026","Peyton Reed","/aucXNycAtFREMIKr6ikmHvd2Mmp.jpg"
"52870","Tim Johnson","/yQkP9wuYcIceIzH9QnECNqVwkAr.jpg"
"2433482","Dean Law",
"17825","Shawn Levy","/b1ulkCHz8biG87LjLQQiMCebEZo.jpg"
"21085","Alex Proyas","/sauDcvpta6UpDMIaI7F9UdSliaC.jpg"
"36588","Joe Wright","/1qA8HudSIwIr7ZdxwfQAgubsDO.jpg"
"1498113","Ayako Kono",
"15890","James Foley","/ujAhQvNNnBqa6ZP2C46DMdAp09w.jpg"
"2214289","Sagar Ambre",
"1051305","Oriol Paulo","/mzX2gRv33Yo2T6Nq5iLgBWurlXw.jpg"
"64864","Clyde Geronimi","/eAeqN6fPYuzKjGRSaR2jqhSeeMq.jpg"
"58189","Justin Lin","/w0ryazdt8iS3GBrjXfv0FIwvUGY.jpg"
"1571950","Carla Gutierrez",
"13235","Alexander Payne","/d8mwLxuCMxMxcE8Qys9sdUb7UZg.jpg"
"77921","Hideaki Anno","/AfV9h1RW6uALpx751APdUoX8ONc.jpg"
"77923","Kazuya Tsurumaki","/vhf9zmNK3HcDkB0fH3RULJoCU9b.jpg"
"1927","Blake Edwards","/tEUBu225EVmJKGxJSX936OvRet5.jpg"
"54827","Dave Meyers","/lKi1NYkcoW8arybXyw1s3LyW1Lo.jpg"
"113194","James Bamford","/nINKWQ3ej0aYNsP1kmybVASObAE.jpg"
"3689144","Tong Wai-Hon",
"5065","David Frankel","/xhiIfSUwQmELt4iSDdfAnC2QLBe.jpg"
"6159","Ron Howard","/tDKn6gAgvARdQRfuem2JwyNcP3B.jpg"
"2020204","Hanna Bergholm","/lM1dNsFJfvx9SzkxUMDEo1A4QY9.jpg"
"16959","Jonathan Dayton","/9RZwlDHiTjltPD4pkdEYe85aJKL.jpg"
"223551","S.J. Clarkson","/qr8aWSrL86cKsOuKeRnWpsAXp3p.jpg"
"212408","Johan Renck","/pkPO6RhVFcKDiEUtbHjTkq4JjYi.jpg"
"69081","Kim Jee-woon","/5HYk7X2ygmOEWBAjBgxIEz4aT8t.jpg"
"35475","Sean S. Cunningham","/kPELY44haoAnj0D7dxAo3jDsCmU.jpg"
"14773","Don Siegel","/wjhr8oJr3fVfOphN7lIlr0R6nF9.jpg"
"12114","Michael Cimino","/7LyJWnmesjNnmpLDtWcYXVnkfkW.jpg"
"11266","James McTeigue","/8aUklN9PpswTG8DnhVAY92koRMC.jpg"
"8328","John Milius","/5e9PS8MtgEqpSAeqgUp7gaVU0gU.jpg"
"1910480","Lee Won-tae","/c2zEovcnUXCrKyxEn5a9Y1TkG3P.jpg"
"2598913","Ryan Hendrick",
"10179","John Glen","/vrpJmSdjh7inNVZ4mSIlC54IeK6.jpg"
"1236679","Jonathan Goldstein","/5KVyvhBILaZsddFYSpruD0u5F3M.jpg"
"51329","Bradley Cooper","/DPnessSsWqVXRbKm93PtMjB4Us.jpg"
"586110","Jennifer Phang","/2Eg7Kq1rkMmaPpytHm9bdkyvLvq.jpg"
"1252909","Anthony Philipson",
"2148992","Indianna Bell","/oKdXwGzTQMSj5lpScahgXnRMPto.jpg"
"16960","Valerie Faris","/9xxrlnkbQREPUo2Lj54PIQBKxGS.jpg"
"7256","Lee Tamahori","/lkivtT9U7gLXVnhq5qF9GL3k7NN.jpg"
"7017","Roger Michell","/lZP8wowfwLZ0rIld95KSkmGQd23.jpg"
"1002598","Jason Kwan","/acZDNuRlveWnbnlEL2lwxYtACAK.jpg"
"98631","Adam Wingard","/gRnkcII3VzeHiU8j0OjFhuOsqlJ.jpg"
"72024","Malcolm D. Lee","/aae8K7qO5XYployiStHbAMMbahM.jpg"
"280","Terry Gilliam","/kODccJVnrt4ioPbJVEnkkKPHbG7.jpg"
"26767","Ringo Lam","/qAuEWqf9HTrKx6a91cxoPMh78SV.jpg"
"1163471","Mukunda Michael Dewil",
"1100748","Frant Gwo","/wvRKczLxlqeDRMsJilWZpbHM9QA.jpg"
"1789720","Hiro Kaburagi",
"87742","Marc Webb","/65tk6xLNEW4EG0CSrxbVeHDi03a.jpg"
"55934","Taika Waititi","/aH6MgwFhomAPNBRPyO2fhpU5kbk.jpg"
"232002","Peter Hutchings",
"36797","Robert Luketic","/dwescz6qnJ1zWeRLKQIL5X9zT9s.jpg"
"174313","Adam Nee","/6mmn1gcZCJR9fO2Wanwjydcp2XF.jpg"
"2148993","Josiah Allen","/1wDBbODDi9wHUcNRIKAlIUuApeg.jpg"
"1360022","Michihito Fujii","/pchTCIDWTzlZ6NsX3WMOYC3PVKy.jpg"
"1704","Gore Verbinski","/rSQRdmLNAwdKxrtvBSSlBmWeSsj.jpg"
"17812","Gregory Hoblit","/1YUF4UpcCX3j3J65a4L1KoLOHAl.jpg"
"1003237","DK Welchman","/h7lYgPWNZA4vmdpz8Nti2CpHyrJ.jpg"
"2392774","Kim Seong-sik",
"9200","John McNaughton","/7hCmWD64IdbYiBX93KfgKsFbuFB.jpg"
"2093324","Anna Halberg",
"130530","Christian Sesma",
"129106","Alessandro Genovesi","/agk2QJ41GBBr7MPif03yGIc9x7L.jpg"
"35452","Corey Yuen","/d4doL1fc0TCcQqgFvkB8fRRpa1F.jpg"
"25645","Hirokazu Kore-eda","/oIDlmHZZj6jgrPy6onX9igENYOi.jpg"
"1163021","Ute von Münchow-Pohl","/jalNeRg8Gu1iKp7QRAFGhTw0X03.jpg"
"16938","Renny Harlin","/IhXiDrZBrsLZpB5K5BmzUGkp4G.jpg"
"2376041","Lee Sang-yong","/A80hLI19h9z3j7Xg3o8dYCt0rUc.jpg"
"33279","Danny Cannon","/2jPyhdEnrA32MWsWDdQ9FJdz6vR.jpg"
"4155044","Damian Hurley",
"35453","Pierre Morel","/pfuvCNPt4BtK81GnMy4GpxYoCs9.jpg"
"7018","Richard Curtis","/dLhFfcHJvOLzzykO3LYkinXJUA1.jpg"
"1364891","Samuel Bodin","/qecsPmClgZbP3ZhgELWkznzH2Dk.jpg"
"20193","Mark Neveldine","/lgmXPChEiXBSzroCSZS5XNqaZJF.jpg"
"20192","Brian Taylor","/1TXxgF48STiUb3F9cp1L5iEx5Pb.jpg"
"13426","Peter Segal","/x0nAuktiPai0OovveeegPAi0dRF.jpg"
"1257117","Mari Okada","/mfq0VCH3tWJGOUGk1ivtyBH1wz3.jpg"
"14999","George A. Romero","/w2zVF92x149qK79ZxwUowcSp2c6.jpg"
"558929","David Robert Mitchell","/i0XKqclsHNO8JAD7yNuuUNOUXG3.jpg"
"1098477","Cal Brunker","/40FRTywgDa9KwFwHUxkVqeSrESl.jpg"
"63571","Wilson Yip","/tDAr3QsLT4vTqHotRM0kChtVKDk.jpg"
"109745","Lee Toland Krieger",
"1398631","Lee Cronin","/9OIp9eF17h87lOCEe76vTBVOjVN.jpg"
"225976","Dan Scanlon","/sNHqtJKMd59fvEiwBRPD3zKKYQ4.jpg"
"3991422","Steve Conoscenti",
"3289134","Mallik Ram","/wFxvjZCIXytlnkkF4YrO4WVbr9n.jpg"
"7270","Adrian Lyne","/tj5o1Iirc20JjP9bKNiEm1c4mlq.jpg"
"1723","Walter Hill","/3CiICrmhaYnirmOMHEaFXYTbsnT.jpg"
"35689","Keenen Ivory Wayans","/e9XRdXolDV8RjGPHPXH6IISDTSP.jpg"
"52443","Jason Reitman","/eNNN1dwfB6b6p2hoEG1xyoa7H2p.jpg"
"932248","Fede Álvarez","/f8KjBkmqAyNGTUkZh1oYIURP4id.jpg"
"1961","Claude Pinoteau","/8ZKN7aLjMZf2cr0BxlDDPiKipAO.jpg"
"55710","Adam McKay","/vOyZXNJq7Oo01LPtSD5AZHjctgH.jpg"
"11012","Michael Dougherty",
"84496","Josh Cooley","/rw6TQFIv9L5McYtRLyfTjfeeQfS.jpg"
"77965","Morten Tyldum","/yTAUscziHY7mVGQ2BdBCflGYLde.jpg"
"54868","Christian Gudegast","/36PHfwA6XsnAVrJ6aXC1xDEipVE.jpg"
"14520","John Sturges","/musRuj0URmPjVeZVxipui0lwx3Q.jpg"
"587699","Troy Quane","/vX50drpiPKbY6ZNqIGPREyAWjLH.jpg"
"1724","Roger Spottiswoode","/ofSwHS4FtNtKO70LHqXdOgU67iP.jpg"
"37627","Dany Boon","/6jMvseHpFra7tkfDIg64u5pJcI2.jpg"
"1377505","Michael Lukk Litwak","/cMcXE29f3B5ylKvEr9fEzMT1OXR.jpg"
"1561054","Ali Abbas Zafar","/o7ZZtjh7MBt0zQXWJtGoRN5tE7G.jpg"
"40223","Joe Carnahan","/e6cnnUqh6mGIjnRFI4xFc30AqVr.jpg"
"15024","Andy Armstrong","/aJSiNq14rBKVVGYnL8FmeusgyoU.jpg"
"1691433","Adam Anders","/9nNApBUCHkG2pzNVDfFW1ymNqOb.jpg"
"94403","F. Javier Gutiérrez",
"10808","Stephen Norrington","/yz6mmhcGoglQEILf5uUCK636NH8.jpg"
"56373","Jean-Stéphane Sauvaire","/sLSMjzK72NNyuUrDDGiTLmaN6c0.jpg"
"78160","Luca Guadagnino","/lO2GD4s6fRloZLEhsZgBlhJQasE.jpg"
"1241824","Mitsuo Fukuda",
"1482026","Scott Chambers","/pANsw8kWaQzSwuVmr1Em5di9u4o.jpg"
"56370","Ruben Östlund","/o4SdiMI5CyF1BrYL9aUhRQl58Xw.jpg"
"1415665","Reinaldo Marcus Green","/4QYHfAHH2Vatsm1KoF8cXtl47jo.jpg"
"144798","Simon Cellan Jones","/qehGPEQGGGmSYMHPIiQI2zvDrGM.jpg"
"1443903","Azhar Kinoi Lubis","/vYWjEVRowaRfF6dDleqdsyRBgFe.jpg"
"1933161","Hamish Bennett","/xMDWjlka266ApwQWVz7U9CbHVYO.jpg"
"1529794","Nicolás Onetti",
"19866","Guillaume Canet","/yxerAhXValEezb1EuV9XWc9L8KC.jpg"
"212687","Daniel Calparsoro","/m0mDreWr2QmrOCBI4JhSNh82gUO.jpg"
"1978","Iain Softley","/p2D9UrLOGOFoiOC5pmmsEUqLOEr.jpg"
"100734","Johannes Roberts","/8hHny6atmFXcuNl2m1AP3fIOayz.jpg"
"1727045","Rudy Mancuso","/uPvuEEtvHCuBK6NkzblhpBM7PKV.jpg"
"17697","John Krasinski","/15f1zhXXmhADnscuAdDayGNdXpk.jpg"
"17698","Nancy Meyers","/oguBZ1ubDnY1FTrUXxjULulbXKV.jpg"
"15277","Jon Favreau","/tnx7iMVydPQXGOoLsxXl84PXtbA.jpg"
"20629","George Miller","/35NQ8HjFXQlGYDz9UkhT08lKl5C.jpg"
"56383","Kelly Reichardt","/j97hMhlRhcaHWgn9MQ78E0ft57U.jpg"
"1936668","Cathy Yan","/H6Y2WxO59lXgfTCictR0fhQ4DA.jpg"
"1744","Robert Wise","/aZr9MOD4xDNfzUfQBxkVg9EWl0V.jpg"
"84833","Zach Cregger","/agO3u56JvLIZlydWyE8LcCKgpYY.jpg"
"4051565","Mohammad Kheyrandish",
"1060223","Sacha Polak","/ia7Aw9uDgu4sS8LdmXBRSoWnBhl.jpg"
"10828","Guillermo del Toro","/gldeyCtKcaqnK1v4Vu9vqayhzUQ.jpg"
"1680772","Phil Allocco",
"58324","Jean-François Richet","/21xIr5FKmP3QEyXsQodmGMszAQd.jpg"
"1395183","Chloé Zhao","/n0GzBiyx2KzwozZ9irQ8hJlf5By.jpg"
"1983209","Laura Moss","/mWIDkjS5x5QeID94vFuBB40iTAW.jpg"
"1556959","Sam Wrench","/odEmgv7BYazCIMgwuMHRZ3ZIwpy.jpg"
"2836","Kimberly Peirce","/lRnwxog6xUZV26mxCVuMFM006CV.jpg"
"14392","Kathryn Bigelow","/llfsTIvItT7IEmX5qK1qUX0dbqc.jpg"
"40684","David Leitch","/htO4qu7yMUfZzJR9DF9iXch8ina.jpg"
"15002","Dean Parisot","/jpgHbQjkrQHZnhmOvmDLhxvSf3r.jpg"
"9248","Nora Ephron","/5m0iu8lT0TVu0nKk5eWOR7w2K0a.jpg"
"80019","James A. Woods","/4ommjenbzX7DLRnB46wYZbDanBv.jpg"
"1967161","Prasanth Varma","/fg8eCTSAdUfEE63j54gFdq5qFfN.jpg"
"84617","Zelda Williams","/7yrcJ50kn9OnnxgduoaUOlUxhqq.jpg"
"1167470","Gary Shore","/5GGr9a5RUkOdRJrJtfG3LRhpMGr.jpg"
"1331163","Sam Esmail","/mej39wMtNDsOI5HklLb65QAiM6K.jpg"
"4217537","Andrea M. Catinella","/qLlNmeZyOHOGaxS5jfbTC8hEd16.jpg"
"2027297","Parker Phillips",
"66193","Chris Sanders","/6CtrIOCxggJ5eIAWeFQqd4Hs9FP.jpg"
"66190","Tony Bancroft","/mMptwiAxSTm8nLV8chWIphePi69.jpg"
"1404799","Vicky Jewson","/azhlh100FBcbhLEjnxqYi1LWguG.jpg"
"66191","Barry Cook","/y0lmcTr8fkC0jsfIJxNrUSSUzPn.jpg"
"15488","Ken Loach","/vGtkrPgNeK3xkbbKTQ4vWD1VsEm.jpg"
"75915","Na Hong-jin","/95XQSoXApKqQ9P03VpC2uG1149w.jpg"
"133214","Paola Cortellesi","/6saUVpvd5WASLoWokWErTp5VviY.jpg"
"95745","Jamie Nash","/zlHTa0cTPpnPw9MlOgSPXg8W6J0.jpg"
"1283010","Haruo Sotozaki","/9SsLeBJkFluywq7YaEQiC9iIFBq.jpg"
"19850","Catherine Hardwicke","/6SKijrt0oEuHuzXIOl2RXNfFdvP.jpg"
"212240","Tom Harper","/bt5yUl0oEPjSVwt8ZlFuQrxhv0Y.jpg"
"144590","Lee Jeong-beom","/cy4Tv46dSaYEOFuPt5Q9rNVsL8B.jpg"
"55075","Jeff Wadlow","/cOTfT6Jmg5aG86UJpgqVM5pY9Wv.jpg"
"78173","Hiroyuki Morita","/7IuX0uzGB2gsATTPTcckQfBVrBv.jpg"
"1524","Harold Ramis","/kmTMTxthkDAsygk3Am4IUSVYYRi.jpg"
"2192897","Casey Patterson",
"119337","Choi Dong-hoon","/sn3f2zwi0BCaV0hWeD4aRWqNX5l.jpg"
"1311556","Andrea Eckerbom",
"118489","Walt Dohrn","/uTTMPDK4qYQll5atL2qEHACdiaC.jpg"
"2927725","Jeff Wamester","/uDLvW3b21oINAA5BJiWMf85cDCP.jpg"
"1252934","Emerald Fennell","/ytyHUsPb7Saulczm8nCJHypIWQF.jpg"
"16589","Peter MacDonald","/tSOyLrYE10HjM7rC3BVvJGZCYyw.jpg"
"13079","Gavin Hood","/2y2eX4m7qsDgbo51XAK6TE6dJon.jpg"
"71307","Laetitia Colombani","/rtxlpmOL25CE7OVlIbXiwL7q2pk.jpg"
"1769","Sofia Coppola","/dzHC2LxmarkBxWLhjp2DRa5oCev.jpg"
"7087","Brad Bird","/z73rItPBDoRUowY5kuWDMlue3DB.jpg"
"17883","David O. Russell","/59rXnJS4g5dUr1Hz8QNLo5epD2a.jpg"
"70238","Chris Williams","/eE2NDdeKN1DC3XuV6L4xuEbVaS.jpg"
"69003","John Lounsbery","/sHvTdMA98zyOEn3Mfffz1zApBaL.jpg"
"2693627","Savanah Leaf","/cQZQdlclw8vTpuVBQ8qPV5KihUr.jpg"
"13284","Stanley Donen","/hvRi8etQyf6Zfh7MRsRP0pBR9Om.jpg"
"63943","Rowdy Herrington","/fUMl2WpYLJbQh3uRMlBAL7fdeBq.jpg"
"1823439","Oleksandra Ruban","/gWgWigjbeMqGzTYmYTMxyBjax6I.jpg"
"27449","Emilio Martínez Lázaro",
"1719601","Nicolai Fuglsig",
"124747","Pierre Coffin","/eAA9uWRqHlm1LT3nZfXb7UuPfVb.jpg"
"1776","Francis Ford Coppola","/3Pblihd6KjXliie9vj4iQJwbNPU.jpg"
"3950","Len Wiseman","/1OQxKQDItiG1vNwNBzDufLfBubA.jpg"
"17649","Alexander Witt","/hO1QZ7P3SRNom3Ap4YZPsgESUcx.jpg"
"18738","George Stevens","/mblM3Kg4YbD4Jxil1aCs9qBNt7s.jpg"
"1544991","Jang Jae-hyun","/4vOuYqzkGfYVGL4V7e2WY53HVe9.jpg"
"17403","Mike Judge","/8jEumAVtJ23rE4XZ0YrvVKAUKjk.jpg"
"124748","Chris Renaud","/sumBJgBqRkK4XEJ2JYXpad3MTJs.jpg"
"936670","Bob Persichetti","/cNd5VyMI3sNgiHOwLIB7WDiH128.jpg"
"13294","Gene Kelly","/qpxdcekD3x77J6dIxMOUfJifu49.jpg"
"95528","Pablo Berger","/sPU0ShhIL8xdPoDLmqSa3kt6wWH.jpg"
"1940991","Jade Halley Bartlett","/OyjXqT1eJBepgY6poqHNBbayfh.jpg"
"1073579","Sean Price Williams","/iyqQ65QN9psIiAtBmQn7jOL0r8N.jpg"
"1401474","Corin Hardy","/p1ggxloo9MMOS72BLGuM3NOzhxQ.jpg"
"2851296","Chris Beyrooty",
"1053547","Jon Red",
"1134538","Linsey Stewart",
"9032","Bryan Singer","/ts06thbCv9Ug2mNpcbcrmLGRL4Q.jpg"
"9033","Christopher McQuarrie","/7FcybX1uFpMKHSI0p15LGPG3O3x.jpg"
"1134537","Dane Clark",
"57270","Robert Schwentke","/awPMXTPvBQFlUWVt8I7WOv8ajYg.jpg"
"57030","Gregor Jordan","/66hsfK8273nAN97Cu5SWWMei3n0.jpg"
"2636","Alfred Hitchcock","/108fiNM6poRieMg7RIqLJRxdAwG.jpg"
"551463","Mike Flanagan","/85q5HSDoltjvg1ES0eToNlLjfPB.jpg"
"4818","Roberto Benigni","/noelOhwX1oaNSvU9NLKhPrHTFI3.jpg"
"1785761","Mandla Dube","/eoUSyYMtpo3Bp5vZ8llvmStlpDp.jpg"
"1769099","Tony Morales","/710SQ0GheuZmAX4X7llnWTLBhXa.jpg"
"16566","George P. Cosmatos","/ahB2fRofvALZRuwwcxy8ITSCzBx.jpg"
"3964","Patrick Tatopoulos","/6tkcPHANqVx7sXTXKR8knw87h06.jpg"
"4524084","David G. Derrick Jr.","/j5JOtRua5KduoPsQVix0rwY3jOo.jpg"
"13265","Franklin J. Schaffner","/m04NRi0fxmE3xBZMwnIkpkjItBe.jpg"
"9049","Victor Fleming","/kwMaOpQnirmXFEuvP0t7Zc94sqj.jpg"
"9281","Elizabeth Banks","/zrkI1dYucpTM8Qydtrtro9MgQPb.jpg"
"40644","Chad Stahelski","/eRCryGwKDH4XqUlrdkERmeBWPo8.jpg"
"70250","Newt Arnold",
"1517111","Vasilis Katsoupis",
"8193","Florian Henckel von Donnersmarck","/3IuSW8NazUH3VlM8KYwMhTTk5lV.jpg"
"1261455","Pierre Perifel","/9LAG3yaiZngSaftBkPLODkd8GjP.jpg"
"2374023","Galder Gaztelu-Urrutia","/rAPQ6GjKHbmD0zuwizhu5g3GlCB.jpg"
"29605","Mikael Håfström","/7zOeNtAlm2aSz1ku5fcsuBFG46j.jpg"
"2375591","Fawn Veerasunthorn","/xk9R1RsUOcckKRgcqVqZNbxv12P.jpg"
"1083154","Cameron Cairnes","/uipeyReF5kffUt0jDVwa6atDVBh.jpg"
"84426","Olivier Nakache","/cLfpk5eIT8h7NnZcz6Iti3DPkRu.jpg"
"81157","Sebastián Borensztein","/h1GnmI7tP3WpQTxLojdugOWDPlg.jpg"
"84425","Éric Toledano","/9axN13gdsRpQLKqmvibsc9jqK2q.jpg"
"937788","Adrian Langley",
"3974","Miloš Forman","/ypWY2o3oikT2LTAQcCPAcUi4zqG.jpg"
"51984","Mimi Leder","/A7bFqiiPtsBScQssuNucMgPpU2Y.jpg"
"19800","Richard Marquand","/eEalDQpLsXJqejPDQ3MWGe95UHT.jpg"
"1083156","Colin Cairnes","/sf3DMQmk1syAcKF4Y4q1VeDZIp8.jpg"
"2406","Mathieu Kassovitz","/3FRBEdKKlxhvPWPt0jzgmSjeHwn.jpg"
"11092","Simon Kinberg","/3xvTvkIaKfU276cpajiAoGjvaaO.jpg"
"12180","Mamoru Oshii","/2eDakuSsipmgku9MtGcZf244Hv4.jpg"
"11091","Brett Ratner","/uOtFtBPkLQaTq8TobPG0XvNKrvD.jpg"
"1584382","İlker Çatak","/z1V9XvXsmKmcnsFLMTdXDGagoYY.jpg"
"74626","Dan Reed","/tsvuZfVjtsB8MPD1NmUDvwHonWH.jpg"
"291263","Jordan Peele","/kFUKn5g3ebpyZ3CSZZZo2HFWRNQ.jpg"
"63973","Matteo Garrone","/bszKQINwwZKe9Ybwdaz8G5a6H7S.jpg"
"64823","Desmond Davis","/eR4RqmckRfeYsBOrCGAPhHvojoh.jpg"
"93364","Jeff Fowler","/wExdubFgeBkEUP8MojKPKoOcgdZ.jpg"
"11090","Edgar Wright","/dQzv5Ml2SkelS33hgl7E2oh0a9S.jpg"
"84416","Gene Stupnitsky","/xAgtuSwjc8t7K4Z7AquN6a0wD0G.jpg"
"1209903","Atlee","/rySt5J2RBOqQutRFXc2kmqQ1i0K.jpg"
"238406","Michael Steiner","/9k1Z68SFCR1wwhaW2eMFIcqsD9B.jpg"
"2879867","Heo Myeong-haeng","/l08CuexUYW8iZgLm864N9qzDmmY.jpg"
"1134550","Alois Di Leo","/lOkRNChBVSQmehyA1juh7KnsO1z.jpg"
"16544","Ted Kotcheff","/kbayJIuimvJJUvMBgKWZz3KGjPa.jpg"
"52842","Garth Jennings","/zl6ZWijGySSIYJRFalleAiGkxyQ.jpg"
"17633","Rob Marshall","/4cTHkbMpsHHNI23HP3RHNLFoPRz.jpg"
"2419","Jean-Pierre Jeunet","/u3QmPbF9gdTTLsAHS97ic93gg6S.jpg"
"933176","Damien Leone","/nX2kkYD32x2PC9rRU7DrYCRPjFE.jpg"
"1438990","Samantha Jayne","/uqsuY2H0rfteUD0dvZuFpSJ50wO.jpg"
"15218","James Gunn","/2kFzvqCGeYBrgbuuvvyGE75d9gM.jpg"
"1717673","Federico Finkielstain","/oC5VceG4sfkcUnnkC7JQsRmqHwb.jpg"
"52845","Karey Kirkpatrick","/utLqiULVNKOeLC0P3drJ6xMyj5C.jpg"
"1438991","Arturo Perez Jr.","/xNMtHGkDq0yZXPNZZjMOi9TWGvy.jpg"
"15217","Zack Snyder","/iD0GDqkvJXDXiNEZej198hjt3Tt.jpg"
"19346","Niels Arden Oplev","/yGdxpPjMhIaeGaJL8TsVSpDuEbh.jpg"
"556172","J.C. Chandor","/6oaCrcLpqAvuWci6kStnuuAc34I.jpg"
"2134932","Yugo Sakamoto","/mdyMODNBN5kYujphmcVB8sS6Pno.jpg"
"18254","Simon Wincer","/ApOARHoSzaR0N9DEJrddns340oe.jpg"
"527607","Sean Durkin","/jgXoDmUoldBtL82P1UvojAApIZd.jpg"
"1237160","Eren Celeboglu","/3na2hh7YKga8C68ReARkRiFlufr.jpg"
"1144092","Matt Johnson","/iOiDGPElqDLCDdoMLTDFsaG3aSl.jpg"
"116805","Paul Feig","/lcD0BkGKWKynUwtPSEDLAsFdIJX.jpg"
"56533","Claudio Fäh","/MbQkOsHbaWKC6UgIDF4M1U6Rof.jpg"
"78562","Phil Traill","/iZkcjNJHxi24NJmaIUL0mb1qZXy.jpg"
"59803","Brenda Chapman","/dmtrKylL2Ix6h5lKGjwaSgEZFy9.jpg"
"1577","Richard Kelly","/l0rWmZW2tBBwjBedjzAH23eagZ3.jpg"
"79656","John Schultz","/dYQG85NJmHimSdWYxjKT9iTXgJl.jpg"
"1333","Andy Serkis","/eNGqhebQ4cDssjVeNFrKtUvweV5.jpg"
"2662","Frank Capra","/ekvnffPsTGHyukMHpxprNxRt3g5.jpg"
"54597","Joe Nussbaum","/24TedWAIXRxhjVh9SNwlWGUeuMp.jpg"
"101542","Ti West","/y65ZHU9m830lbdbggxC8eOT123S.jpg"
"4600","Joe Dante","/7Z5R4cCY1k5XHdsFd2LYr3WWXdb.jpg"
"64151","Mike Mitchell","/w6ibMbbw7KBrcWxUb7N7h3GEQGO.jpg"
"1621962","Tom Paton","/3iFkVPpWT71WjIu4GTi1VzZBkby.jpg"
"17178","Patrick Wilson","/tc1ezEfIY8BhCy85svOUDtpBFPt.jpg"
"1027910","Elizabeth Chai Vasarhelyi","/7owiof8AEtI4D7Un1SEx0JomJD1.jpg"
"111588","J Blakeson","/8nLc4y8f9qnMSCirfGVmZj1paJF.jpg"
"1332308","Charlie Sadoff","/jOPXduf3CoQyGPXEWdH8nzGMfw5.jpg"
"133398","Quentin Dupieux","/4sgTcy8ME1IC6a2AMdzxGpjm15t.jpg"
"168480","Kimani Ray Smith","/noJWtfWG21LffJ27YJl4hhuGy13.jpg"
"81718","Mamoru Hosoda","/5QIWSzXHioDMHk2UMOqz2wbaWMr.jpg"
"592493","David Lowery","/86QPrv9y0Ienk6sqPmxz7HYqkJf.jpg"
"9076","F. W. Murnau","/ulUA4GiMNFcVDTyQZ5b6Samri72.jpg"
"57633","Rawson Marshall Thurber","/bFtVBwPGiQfhSbZbZdGFuP1acw1.jpg"
"127926","Hsiao Ya-chuan","/jsXrUkXEt5ti1CjlknIkyqmgLsy.jpg"
"1278722","Trish Sie","/wB8cnaVXGikYjoWhcyvcNf8wWi9.jpg"
"229962","Mike Thurmeier","/6Ywve2O2gdnyBjJ8M5C8Oy5HngZ.jpg"
"1295292","Brian Duffield","/pHHDdgbwhKkzbimR4ErOrh1oZWi.jpg"
"1551545","Steven Caple Jr.","/aU8p958QyhfV2jurc3L5pn7sN6L.jpg"
"1299642","Julius Avery","/nK9ITHGuAWABC0q3fQUD4JQ9yQ1.jpg"
"2675","Darren Lynn Bousman","/7cphExMhm74Y5ELqKCq4lR3fGn8.jpg"
"1701953","Park Young-ju","/c3d80Q91BBYuUFpEISueuHg6Y06.jpg"
"1466181","Hugh Welchman","/q6UYtMT3x6xod2q1UgYkVpDAMC6.jpg"
"10781","Michael Apted","/8ZLhPKz9CDZdbvFCIBAJMfd9IxE.jpg"
"4610","John Landis","/nXKdxxELgAaGecCpxAWCoj6TV3f.jpg"
"137762","Robert Morgan","/xroLzxHYmXG4inwt3y2JIiLRlfw.jpg"
"11873","Roger Kumble","/njVOmV33aCFRUlBxxLXzLbrmAUS.jpg"
"12962","Jon Turteltaub","/embHCkQj1fs1PaISQSQQbi9TjHj.jpg"
"71923","Shane Acker","/wEon8gP1cHk4JAjAEHO8lyoRD6H.jpg"
"1108","Shane Black","/dDPpKmYKomPPiqLKaJfZNJ00M3c.jpg"
"930707","Colin Trevorrow","/i0HBClPMPKn3aq8QeQqyThS67EK.jpg"
"2451598","Kemp Powers","/1uBaVuFJX5HJpiSkoB23NvfMhyW.jpg"
"16294","Jonathan Demme","/w9Lw3xTEFQUYELkl9AH5i3p5OhJ.jpg"
"2691","Tom Schulman","/owgOiCl85ZSEVmJ4sr7tDAo9vto.jpg"
"2690","Peter Weir","/4GxIZX5gtbMpW4ZgHwvGmLSIHOE.jpg"
"1169375","Émilie Deleuze",
"31211","Clive Barker","/h6JebwvNTpOquhJGrmDh8zCYjQZ.jpg"
"12936","Jim Abrahams","/22B24mvWEkorhoxEOPCxNcYdcTX.jpg"
"5718","John C. Donkin",
"57646","Henry Selick","/2LvtcpV8njWrp2W9eXmTNjsAWev.jpg"
"80660","Philip Martin","/5mcsNSx0fEbRlArzDbP1wrs9aGZ.jpg"
"2122937","Joe Pearlman",
"1627287","Jia Ling","/5GUYKXsJ9gfcGR3Lx5AQhuzXj2z.jpg"
"1552409","Armen Oganezov",
"5953","Spike Jonze","/x2QeqEXvi3QjgTybvZ4mmqUf4qO.jpg"
"5713","Chris Wedge","/bYiy2vcXgJq5XZdZ15uIhBhnBF8.jpg"
"1192152","Tomasz Mandes","/wmYwPfWSXfjXpwvljvXEX8h0wfC.jpg"
"5714","Carlos Saldanha","/oxUlCSgxKaoCRYFyS65PC2fZWrk.jpg"
"2209","Jan de Bont","/evj9vN5pxxjr4aFLZRvniU0gzof.jpg"
"125738","Daniel Espinosa","/rq6TkUBkSXvOrmKEjG5lt8kuhF4.jpg"
"21655","Benoît Delhomme","/qa2h6tyIG4iIc700VN7acYnhU4v.jpg"
"1480459","Marcelo Antunez","/w1mMF3wFmmYocV6LWl60FWdCLuT.jpg"
"135113","André Øvredal","/mVx5y0gVhqGDGsOTsxSSR8bUvGL.jpg"
"1458309","Nicholas Peterson",
"20561","James Gray","/6oRlizIlhI2exF3OEGvtB6M7KmZ.jpg"
"2036264","Don Paul",
"82829","Michael Oblowitz","/bVrj724WsL2EcIa43HqA8kqY3ob.jpg"
"2461","Mel Gibson","/uHldNnlyi73x9hoZBGjISGoh908.jpg"
"2460","Randall Wallace","/pw9pz6MBET4F12pvSmx7uWtHdke.jpg"
"4107402","Weston Childers",
"4578959","Anthony Metchie",
"1111138","Marçal Forés","/jyc4BWShhtfH9QvYnJt8VoEpOiy.jpg"
"1150548","Florian Zeller","/e2koSVDhNPlENZ7zRZq2eyC3A7y.jpg"
"11614","M. Night Shyamalan","/tOhFWjauKvJgjCVLJFnhbBCZuxZ.jpg"
"227564","Benny Safdie","/gidElVVlUGeAby1trDGW9DlxLh5.jpg"
"173847","Harry Bradbeer","/1fGaCCtKp3ZCXCkWRzOn4l7YnBE.jpg"
"77003","Gavin O'Connor","/zf3MHvbf2uKC4UbsuFHQYLz48g.jpg"
"3328123","Oliver Garland",
"4204184","Chris Radtke",
"4204183","Stephen Gray",
"1135166","Oliver Kienle",
"1081445","Brandon Cronenberg","/qZjzmqzIkPhrOxD34EP5PbwCvcZ.jpg"
"71947","Gina Prince-Bythewood","/fsQAZXF2hjNnysaCFCWmfwGMY9Z.jpg"
"10765","Andrzej Bartkowiak","/cBYVubgzVWBPCQ7OzRRa0AL6tLe.jpg"
"43652","Takashi Yamazaki","/aRxPJuOij3DUUGojtBmjAAxfL9x.jpg"
"19303","Kevin Smith","/uxDQ0NTZMnOuAaPa0tQzMFV9dx4.jpg"
"17120","Jung Woo-sung","/tI0ANQSwcOBfQUeHgfcwn7VmHRO.jpg"
"1481538","Kou Matsuo",
"93512","Tomomi Mochizuki","/64ZMBwbHjJgDFYBIILh1Orjziov.jpg"
"2232","Michael Keaton","/baeHNv3qrVsnApuKbZXiJOhqMnw.jpg"
"239571","Carl Rinsch","/ngiDXCAJ8FgsbpdZ8ULPte70AEf.jpg"
"144476","Hiromasa Yonebayashi","/bV0Xg5JHzTdcCDaLX7fKHn3gYH2.jpg"
"1170104","Upi Avianto","/qXVyMaJXP35ZnnPPU9EmZJwu7BC.jpg"
"2228","Sean Penn","/9glqNTVpFpdN1nFklKaHPUyCwR6.jpg"
"1170106","Anthony Chen","/mDJvRjVzTiAXg9EOknaFurhe1l2.jpg"
"56338","Andrew R. Jones","/cyJNjj7zg0vgExOdeR8IQ50FTco.jpg"
"3556","Roman Polanski","/yHwHSXdZatkoLgIjPeW14GKlrZs.jpg"
"53068","Ryan Fleck","/28EMTivPGStNxDivgUP8PSpOrof.jpg"
"53069","Anna Boden","/i75ESF5oge5ELfBoBhcJymkvqNW.jpg"
"956","Guy Ritchie","/9pLUnjMgIEWXi0mlHYzie9cKUTD.jpg"
"957","Matthew Vaughn","/Dnbz3B7yy4u0abixuD5LakZgsy.jpg"
"56339","Yoshiaki Kawajiri","/nre4oIwHX9k2sIcfRh5zSP62MWl.jpg"
"716","Emile Ardolino","/zWQ87XisfPtlSHjnfl9XMCYZcu6.jpg"
"3122176","Rhys Frake-Waterfield","/a0ETg5j54Nca7dO2s9Tfhco0u40.jpg"
"856440","Michael Mohan","/h0e8s5IofyTNY4aIPXyMNzmGAAQ.jpg"
"69416","Bradley Raymond","/c5UI5L3edk9nvDilciknvQlVigt.jpg"
"19311","Stephen Chbosky","/9PdTBjn8dJqfn3ygKvsCdl9G06J.jpg"
"1088096","James Nunn","/fa83eZedZOTM4DqkX1BrEUowkaT.jpg"
"20308","Espen Sandberg","/meoiaU4mxGVHFHLIedATpqROEnz.jpg"
"1152","Oliver Stone","/uHdNGBkrI74eYfUP2Uie7nuo0Nn.jpg"
"56340","Takeshi Koike","/9upjNNYNJW5NU6Ta8l26mGJZn2l.jpg"
"20307","Joachim Rønning","/6Ngvvc3WIPgg7L0vvMUYs4uHYjR.jpg"
"56341","Mahiro Maeda",
"55252","Tim Miller","/dCyBYwhO76j5wA96HPb6k5xk2Le.jpg"
"1150","Brian De Palma","/4xleWFdhtVC7faer6Ru2eyEgfTv.jpg"
"21879","Simon Wells","/1p3DWHCJ8XzfvYRgxlhPnLDAeDy.jpg"
"1962362","Javier Reyna",
"1318201","Jared Bush","/2gIwj1cnqZIKWaFg0ihmZnuZypR.jpg"
"7929","Angus MacLane","/5h6tITfNFAfL5Ykc7LmaZkU70tA.jpg"
"1129908","Rob Savage","/vLywDSV3vnCo0Yqu142zH3xwujv.jpg"
"126638","Mark Andrews","/1z6t4TK2ZehNZ5gwaN7893aNhJf.jpg"
"2239","Anthony Minghella","/3zNlCjH6Ddh5pn2UrNWd6SAKGKg.jpg"
"227346","Jeff Chan","/vvzStAxbSgoadZ361SnYxx8RDdf.jpg"
"80672","Peggy Holmes","/HK8r5NFRXTd5PAUM0qY92dBvj0.jpg"
"56342","Shinichiro Watanabe","/AptCCXOt0n4pnTjvFau8GtFyysh.jpg"
"57433","George Ogilvie","/cUUUQ0KdIiFdQIJWgx7rRRLFLVs.jpg"
"55499","Scott Derrickson","/nOQkRTC6OPkUHebBfjIgtiZ0hvE.jpg"
"71729","Steve Martino","/3N8o7ClO4x8Hsz7stwn7t0B6G9s.jpg"
"1752029","Ian Hunt Duffy",
"12920","David S. Ward","/ibOXcuqdbisrZ3Y4ICiSDMxzGWv.jpg"
"1042011","Vikas Bahl","/dSq2u9LkYyFzLf5PwwLTciKbwLj.jpg"
"92409","Richard Holm",
"1481756","Naoyuki Tatsuwa","/hnvyLfMP4BEWJi7k2iKw9juYirA.jpg"
"1072778","Naoko Yamada","/esksK3sGJN1gWwj8HhMJN6s27UG.jpg"
"70652","Derek Drymon","/1ZdPd2JaiigVDB7hPxy29RAx9GY.jpg"
"28239","David Twohy","/gQm0cwAk4bsWgA7wF2PTFb8X37Z.jpg"
"1208422","Benjamin China",
"1359857","Robert Marianetti","/hs3TYsOPlYDJiKftfnBHwGbcS0W.jpg"
"114404","Miguel Sapochnik","/jlZGTjiifvvFDoEtlwrKz7QxuJS.jpg"
"203159","Alex Pillai",
"3999942","Aradhana Sah",
"1302082","David F. Sandberg","/3AlGnSR8jYUHaoXzFwVM6Hnjklt.jpg"
"3931953","Xie Junwei",
"974","Dexter Fletcher","/yRI8MDB5sg8b8EZkzFz5cCBrnKL.jpg"
"19769","David Ayer","/7JmWK2wg2StEc9eYjY96s7OJgb7.jpg"
"15175","William Friedkin","/c70AdZsqOsSjEuUp37W5HPYeeKw.jpg"
"17597","Juan Carlos Fresnadillo","/j0syLia3v2znuWhawJRkVsyJU8a.jpg"
"239341","Gianfranco Mingozzi",
"61952","Aaron Blaise","/bygUlWKfP08ytljPrY4JytvSSoJ.jpg"
"28249","Peter Chung","/r0WWewfDVpsVpnby26BI0nB1gx3.jpg"
"3820182","Mstyslav Chernov","/nIN9Q0DykLKbhM6Imnbh2IHj9Bk.jpg"
"1113116","Andy Muschietti","/mzOMGWzqFFLqIqa2WkDv5I1IxHE.jpg"
"10965","Chris Columbus","/yCyEz90NqjEXKZ7HYcEhDXlLlPc.jpg"
"30310","James Hawes","/9MmTr9DHvPPcAkRK0ddNxZs0gzS.jpg"
"10723","Mike Newell","/zeLnvLZtyJaBP1wWceRM7HWkm0E.jpg"
"3931966","Zou Jing",
"61949","Robert Walker","/wXb5jahgUylRRa0YNiphExRLSF6.jpg"
"1987865","Daniel J. Phillips",
"12905","Ash Brannon","/meH6AhBnCyX4w0lBFvRQWDJmvjv.jpg"
"5524","Andrew Adamson","/qqIAVKAe5LHRbPyZUlptsqlo4Kb.jpg"
"110283","Bob Byington","/ky6zMMg4VazqRC8VAPF596vKA3Y.jpg"
"17119","Kim Sung-soo","/qzR7jk7gT67eQ3kUJkTp4xcDyuV.jpg"
"2840507","Matthew Goodhue",
"4453","Thomas Vinterberg","/1lChKBPVLqbn7Kl8lHghybBVzgw.jpg"
"2034","Danny Boyle","/b5qQpFHmgNyvV1t81ou17Jt2fRj.jpg"
"1651531","Spenser Cohen",
"31074","Kinji Fukasaku","/mrDEkUwgZOQz8ES5oMwTBfN4n7q.jpg"
"1276373","Michael Gracey","/uhtNSqpYM9DmJvnm1vUpghhZlgJ.jpg"
"1059578","Jeymes Samuel","/uDmJwZHQQ52H70QoYjGSwrHeVue.jpg"
"26713","Chuck Russell","/d0ISieRQuAEKqNMDzTFGdJ4KrVw.jpg"
"1958906","Dong Runnian","/sNlv4CckQaap4gl8imD4GnqFzl0.jpg"
"26714","John R. Leonetti","/uksq1bamaA4MfpBPaP4Vv8BvLpu.jpg"
"66739","Jonathan Liebesman","/bF6RT5FvdzCRxRc6Ud6FC9JgcIh.jpg"
"37618","Andrew Dominik","/blo8doyYK1Swsa4ThRgq3OT62J1.jpg"
"1059571","Justin Simien","/4yjUQDZ7zbC6MmqkimA8htXikKF.jpg"
"510","Tim Burton","/oWZDgLRr4zgRiJEsOAtgntPd5bI.jpg"
"52576","José Padilha","/1v2CvKDLEqxNjZk26Zby0dpasnC.jpg"
"1362815","David Yarovesky","/44w2SUhfY7aPtZgv8cVvdo1ptiJ.jpg"
"76788","Dev Patel","/1g07SUVwZHvKgM1Z7H4RYIEOXcm.jpg"
"568322","Dan Trachtenberg","/ce3rCLjSPyvq89D9kd2pyIlLny1.jpg"
"514","Jack Nicholson","/b4da3H3YmAnlNCQPxdvzJfxaWXX.jpg"
"102234","Homi Adajania","/eyoCxhmsrFgrE8pyTzQKyVcNZb5.jpg"
"568324","Glenn Campbell",
"518","Danny DeVito","/gNHF2SNXFFCRqwIQ2Xv6r6aV6UD.jpg"
"1045176","Gabriela Cowperthwaite","/7m6q1M49R7D3ahmwTiEl53T6rr3.jpg"
"185438","Genndy Tartakovsky","/neLR8ws82ezlbhOyUvhtLXwQZWL.jpg"
"1046497","Justin K. Thompson","/mRMi8Q2fmlfbDYkE7A63gzFtGsZ.jpg"
"107941","Yudai Yamaguchi","/AhFD1wMv0ajRaHuC4jdGyKmqRBU.jpg"
"6884","Patty Jenkins","/9zdvRFn2iapRqG6OzrE7E92ByHw.jpg"
"115788","Paul Michael Lévesque","/gOeQvjY8B9E81f3hDjOTmxx9ig4.jpg"
"66987","Fritz Kiersch",
"2042","Stephen Hopkins","/9xjYIKLW7Ylse206sMmiDDdUz66.jpg"
"28904","Hugh Wilson","/idUMCua7uieGl6oQoPsZgrndvCN.jpg"
"2264366","Sunghoo Park","/psIsL0Ht5RAiuGYRG2PYFnRz9fI.jpg"
"1209529","Ian Nelms","/8ol4n6EtFKSrJi8Z1nTln1vZMs7.jpg"
"2957803","Ishana Night Shyamalan","/un91mLZyORFhiHv4HLw3enCYm3k.jpg"
"3997582","P. Frank Williams",
"2036","Alex Garland","/oZJtFkxtdaqQBjx7bhYUy0WoNmQ.jpg"
"33485","Ron Underwood","/3MxNvsTCxQIuAmEnmr5lRgxS20G.jpg"
"525","Christopher Nolan","/xuAIuYSmsUzKlUMBFGVZaWsY3DZ.jpg"
"1280880","Colton Tran","/eZwqo7PSMCagpV6vbDm7szEvX8r.jpg"
"769","Martin Brest","/bqR72AZbmi0CnLarTpOv9YA9IzG.jpg"
"2218465","Parker Finn","/2HZPv0IUlxRqCpmgbk7KdovhQaF.jpg"
"54525","Jaume Balagueró","/geO40SjPO5G7nHn1pRrAGORD7xM.jpg"
"1478317","Karim Ouelhaj",
"5306","Lasse Hallström","/zEz9LphkDBcGAAYGdjIU5QzjB9C.jpg"
"3873532","Andrew Cumming",
"293911","Scott Waugh","/i84mhk9KQndHi5c1IhomNdRnvFw.jpg"
"7501","Ronald Neame","/4BFCDD3GG5woHmxy6o7fny4NDYc.jpg"
"2219327","Rose Glass","/7cKh7iWFMD77CMz9rP0pdyXMPCK.jpg"
"1318632","Kobi Libii","/4EzibkNp6LcTh191RYOinUpATfZ.jpg"
"67604","Ted Berman",
"2294","Robert Rodriguez","/bPqRdLWWwpOT8sBdj9PWOzNgwou.jpg"
"2293","Frank Miller","/2eqqLG9Sv4i1ZlM14wY2LTTEbld.jpg"
"4591758","Recai Karagöz",
"67607","Art Stevens",
"11448","Allen Hughes","/haznGyeI8mEPEtDA16D14I3QZJZ.jpg"
"1141683","Theodore Melfi","/hn2z28ofSNRxx4UTo6qOqzYCx0u.jpg"
"53684","Robert Smigel","/xGlGVcLhiZ4a7GIGlLzGmZtbvUF.jpg"
"1487492","Ryusuke Hamaguchi","/dwvo9EKhFlIXoe8d7u9LtF0XnNR.jpg"
"52358","Boaz Yakin","/fBMZdwXjIilRm4tWHs24fPnsVeq.jpg"
"3428340","Vivek Budakoti",
"6648","Ingmar Bergman","/nkmOaXNRoioViN9OQf2n9Iu6akA.jpg"
"9915","Guy Hamilton","/xXRi72ziu0jE6g3k37mxzk4E2oD.jpg"
"11447","Albert Hughes","/9wfPXTkur93ZUyUH35lBQRNSY3y.jpg"
"44114","Simon J. Smith","/puCP7MQ8Gm9aKGcQiOcLiKIKcpJ.jpg"
"5572","Joel Schumacher","/ttXniaNjekrOBjLQpZqTv89AakA.jpg"
"44113","Steve Hickner","/aUTvRbUcbYY1z6o4QGGL47nUGmz.jpg"
"2671482","Meredith Bragg",
"23677","Joe Pytka","/qL8cJZFN6GNGJiTQ9xMGdjRAsIC.jpg"
"11218","Alfonso Cuarón","/eoCHiXaQzGgx9RiwXnt3k239FLc.jpg"
"89628","Thomas Bidegain","/lp9AjigETE9J7EOdOBerEOWUbIx.jpg"
"2671481","Austin Bragg",
"1279432","Brando Lee",
"125324","William Eubank","/u2px8MjeVsqk4WMqH6MSzSMqrZa.jpg"
"3146","Billy Wilder","/tfVte6h2dlLn59Q0Mi6AvWAyRLP.jpg"
"11694","Doug Liman","/kIT7NE6MDaiIrjPEbObXk4COFVa.jpg"
"15810","Ron Clements","/u9k9yg2EGlDsxYo3ehf35yRUfcD.jpg"
"2421796","Koh Hoon","/uPwlAb8sl2NyiYZJ9qnq3HgSpLi.jpg"
"2368591","Anna Zaytseva","/9ZzwAlJpKXh1FELnPcm4PvhSXIf.jpg"
"2421793","Bishal Dutta","/smkZob9oM57YcD5hmvG1IQu3HJu.jpg"
"1515828","Alberto Vázquez","/juyy2VQPF7dPIbLlg29xLyzTFRg.jpg"
"15812","Roger Allers","/sdFyM5FNcJuMv7knrz6swaIHXIJ.jpg"
"12786","Simon West","/yQpwEIsszmeVCmEAp8yrPP8LtvS.jpg"
"2921861","Thomas Walton",
"15811","John Musker","/vSn1d9JpEpECu9cQbRGTFWZdLhA.jpg"
"1288796","Gerard Johnstone","/cdvpfGKHLchtOtoN8gtVWhSHabN.jpg"
"1862762","Toshihisa Yokoshima","/9RGvOgzqdhOGjgVTNgkFpFcybyz.jpg"
"1046225","Rodo Sayagues","/dssAvxmXOkBqziAy7U0k1qzDjXN.jpg"
"6431","Darren Aronofsky","/tOjz8mVI2HeQBvU6KNjIExMBsXL.jpg"
"107730","Tran Anh Hung","/c20fQOpz5NP9xJp0gZomkZD94Iu.jpg"
"4014","Paul W. S. Anderson","/1DWZXTin8fRa6ujcoz04Hc4lSQG.jpg"
"5345","Bennett Miller","/r1XGBl8TYNuCm7APjWN8npP4DEw.jpg"
"930567","Enrico Casarosa","/3UzBWIqYw0T0aLkdp6oEyLzWOE0.jpg"
"940376","Kelly Marcel","/thpdVW7O1975GcA3eNs1H8UIlmd.jpg"
"11427","Bill Roberts",
"11426","Ben Sharpsteen","/nfruaWGIjvI99oXmyzmsnGkdDL9.jpg"
"11429","Hamilton Luske","/bEccjwuG6QGc4V0AtA87rexRHYo.jpg"
"11428","Paul Satterfield",
"1686688","Dominik Sedlar","/yEZsEYL0jOK1ZDEmLsTrsqwSmyj.jpg"
"1521078","Sean Charmatz","/427rz5SpVo8Xpy7H2YO10Y2D2s.jpg"
"54795","Troy Duffy","/rirCmINRXhNrzT9dVHNxQcZqk0z.jpg"
"939147","Yeon Sang-ho","/dLP1p4AkU1zwJkDboct58Uub9S7.jpg"
"12995","Marc Forster","/m3WEGG6czBjgFULVyVQy6EJvUsZ.jpg"
"6201","Baz Luhrmann","/6Dqs2hmcj2UtTON5FfjlRvKdbuF.jpg"
"7775","Stephen Sommers","/wGhd7IF1Buf7qPXuC4y1t02hams.jpg"
"2735733","Colin Krawchuk","/aHlJ8UkG3jaZO1tb3FgoozSJiwZ.jpg"
"2087","Richard Fleischer","/vAPv1aa28u12zcq8YMvuwZu1hhC.jpg"
"2151642","Giorgio Angelini","/lXBLBjdfofdXl6FRSlcAVNBTmwH.jpg"
"56501","Michael Spierig","/hDj7wXT937jZZjU7lJ8aTuKoBg5.jpg"
"56502","Peter Spierig","/1M1FX7YR9Dq0DhawzQ0vT0tx678.jpg"
"564","Richard Linklater","/xSctxeZQzQbZoaxIvcDeHlDjbiN.jpg"
"323","Curtis Hanson","/1ht0tJ0Icxc134W3ZpcGtwMtNLA.jpg"
"2223841","Sho Miyake","/xh7iaYlYK81whpd7YjZPp6lsXFF.jpg"
"11430","Jim Handley",
"4499","Tom Shadyac","/kuliB1DrKSbdn2jxESncPbWxGrD.jpg"
"8858","Ivan Reitman","/qMyAjmRVihGFbJPhMTsqvpeOKfX.jpg"
"11432","T. Hee",
"11431","Ford Beebe","/2E1b19EnfYhKbudymnDtV2ZHWzn.jpg"
"11434","Wilfred Jackson","/rTszyDc1jFOQQrzSYgnxEVLxd8W.jpg"
"10586","Richard Lester","/jrn6FzuFmn2NnNx9CBzv5KCbC0Z.jpg"
"12523","Rob Bowman","/k6a9XQHJBYi8hqRnwj65yBp0Xdj.jpg"
"11435","Howard Hawks","/hG2oF9wZlqwGqP6EhG0qaN9Afg7.jpg"
"1306608","Adam Robitel","/ujwEsVKMCN0JD6Mx2PlfSqmbxd1.jpg"
"21684","Bong Joon-ho","/tKLJBqbdH6HFj2QxLA5o8Zk7IVs.jpg"
"1389077","Bryce McGuire","/vlPDwnY050Ua7iycJP8Mip0ZJNm.jpg"
"8876","Randal Kleiser","/t0HFkRWh3K06XhyTuJTvsVAd0Hh.jpg"
"1154950","Kannan Iyer",
"2580328","Michael Sarnoski","/4VUxiUrmSdmvqd1xzwzwJSZfipu.jpg"
"1607672","Michael Chaves","/uS8waIEPA4N2llVZO1su1cIo0sW.jpg"
"56512","Tarsem Singh","/dBNkk5NjtQMULIOr2oQFAmH1HM8.jpg"
"1361546","Kiah Roache-Turner","/1y2ZVFfxtKC4SR3s6IMiZB7WpnE.jpg"
"11649","Cameron Crowe","/iBCN51wrmnSUr2mkQBuN9E2AZK.jpg"
"578","Ridley Scott","/zABJmN9opmqD4orWl3KSdCaSo7Q.jpg"
"932533","Stefano Sollima","/rBzkokpZQS0XwgtMuskY07RByHu.jpg"
"4027","Frank Darabont","/nvOqAQhKtXdHtczgqanoCfltsxJ.jpg"
"1496011","Matt Brown",
"87257","Cary Joji Fukunaga","/qhrtYCUM2NEaqVP3oB7vqkOTpx0.jpg"
"6448","Arthur Penn","/imHQBWO3DZXfcJM1CcPHsL28PyK.jpg"
"11401","John Woo","/s7sDmQq8cegHnsTmD0u2eZ4ArYZ.jpg"
"141825","Rusty Cundieff","/14re77GRWUNrI3gEGIiCSRGqtVL.jpg"
"2666700","Takashi Katagiri","/wMDjIuDxdJ9HpeEvSYzW5Q6rbDj.jpg"
"14911","Penny Marshall","/tENryuxNtctDMS26Tv5d8B7TclQ.jpg"
"1212522","Matt Shakman","/kraLXlC9egJh4pTNTpKUYhkkNiu.jpg"
"11887","Brad Silberling","/5uTck65ic4c2sHB6wvkTInmECpr.jpg"
"57607","Stephen Chow","/j5DWs54BGZfp92G43c9OyHPvkNG.jpg"
"2919106","Jason Yu","/rd5GnkXvxca4HQsW0SoJK4AbyXn.jpg"
"64141","David Gordon Green","/fJqIVaVwLeFBlZKQTDbzbcvV4XZ.jpg"
"93922","Jeff Celentano","/529TK0OU7AmosBtsqVrOV3cB5sg.jpg"
"25819","Michele Placido","/25eRAfm1kGE5kx2iBktONiTTWo8.jpg"
"45400","Greta Gerwig","/3H0xzU12GTNJyQTpGysEuI9KyiQ.jpg"
"7314","Nick Park","/52Y43KLvKWQ4PyVQOmjXyjOxUED.jpg"
"107720","Dmitry Kiselev",
"7313","Steve Box",
"1317730","Daniel Scheinert","/5VSpMLDEmygCu4bfB89Y7NV6YjM.jpg"
"555254","Yoshifumi Kondo","/kMGHxgP7tz4diYcGp4P4a7sHsBC.jpg"
"21217","Jonathan Lynn","/nk5XnrehDowm5Q5Wr8hsObiD6C1.jpg"
"1200541","Yuval Adler","/5AYbHIDLlSMtzI9xe7EXWCTnE17.jpg"
"1195458","Gabriel Abrantes","/cfd7kZufiqyAfceZrAnHyNB1ETJ.jpg"
"54584","Jesse Dylan","/iKtSezKKjWHMqd1VDtuJNUEj1xl.jpg"
"76595","Byron Howard","/ePJXkxrD44nM0VB7Xx9Q4ityzfT.jpg"
"1504740","Molly Manning Walker","/1wgysCBNQM5damH3xBq4uXffbAZ.jpg"
"1338539","Dan Brown",
"1419579","Christian Rivers","/qm9JrFiMFIkZCTAbM9scJVZIjOk.jpg"
"1175620","Justine Triet","/mOn5lo038i8vw6qqJTwKw35KCL7.jpg"
"580661","Blessy","/8UWCbHFHWnsiXgUKwsSZhI10RPs.jpg"
"136495","Damien Chazelle","/14kRZ3XxNMyBv717YQSXr3wCucy.jpg"
"108","Peter Jackson","/bNc908d59Ba8VDNr4eCcm4G1cR.jpg"
"589230","Gabe Polsky","/gPPeF96JWY9KUx51HUw5NnclzC6.jpg"
"8636","Cecil B. DeMille","/lxY61cx23rcCenlTvcwn8Cmpnrp.jpg"
"12987","David Zucker","/13iJccfZeC0X9WZgJnlI7ZphL7l.jpg"
"2922510","Michael Szymczyk",
"57617","Jeff Lau Chun-Wai","/8YZWVweBpwvIik3RGQrIMulmrcF.jpg"
"5140","Wes Craven","/eqwl6owrYykeTGTpKxwcAkbEJmg.jpg"
"11181","Kenneth Branagh","/AbCqqFxNi5w3nDUFdQt0DGMFh5H.jpg"
"74752","Nikolaj Arcel","/79JljyWnfjqE87UyTo7xgFQa5fy.jpg"
"1669460","Hadrah Daeng Ratu","/hkADolqaw4dehDOcNppX3kwKMiy.jpg"
"3909409","Kim Hee-jin","/giHFkDyRqSzHfrhdI7OMHW4Wj5t.jpg"
"10099","Park Chan-wook","/jsSFCVB7MhuVbSLwTgESiXEiNjt.jpg"
"39996","Sidney Lumet","/hjj3V2DkPJ46zo5uz9bsZQzAk6R.jpg"
"1445806","Erlingur Thoroddsen","/xzMlXjMzJDemdhQaOSxmFsCNhQw.jpg"
"1049134","Kim Han-min","/d8S8MsGVtoJ1KGVUkdafw3tesJP.jpg"
"6482","John Singleton","/akcugIHTLKZajrsq51uGGGzHEdv.jpg"
"591600","Damián Szifron","/zCC1SUcjoDuJui9qgFjJIgr6kDq.jpg"
"1099862","Dean Israelite","/ejnQgx8jXDG2GQgtTk7n78rjtJS.jpg"
"1135709","Sam Wong Ming-Sing","/r8lU3VAJEP3s3ciJe9SX97dJmaR.jpg"
"25598","Paul Greengrass","/kJxQWrERq8p7gxRP2fIcS8suwme.jpg"
"26205","James Bobin","/kz3WxFYkJaFtPOerclkt8Zl0M93.jpg"
"57199","Mark Mylod","/6Nwg31BrgPkCjZ054Pso3ctg3Ov.jpg"
"57193","Gil Kenan","/7XhXrhh8KNTf28IwJGpPPCNZFpr.jpg"
"1144885","Yuzuru Tachikawa","/bosjVUAL6mVC7D58w9YxuP2reDw.jpg"
"931211","Alice Rohrwacher","/l1vF7WGjF9si1wpRu8ABysQgvfJ.jpg"
"366","James Mangold","/pk0GDjn99crNwR4qgCCEokDYd71.jpg"
"1120694","Jennifer Lee","/pjZY7hdneR7FLrAT0mXNR6RrPfy.jpg"
"51894","J. A. Bayona","/cnbbnS7K8Uu6yohAfSRHv5Kxc7r.jpg"
"15557","Bill Condon","/wYS9OCX85SJQWdjQokWVgmX7PQX.jpg"
"24","Robert Zemeckis","/lPYDQ5LYNJ12rJZENtyASmVZ1Ql.jpg"
"1152054","Josh Greenbaum","/7BC3yPnaZwu139eFQ1vhG6XcTHn.jpg"
"132876","Brad Peyton","/fJFxUT4CSUz047vlXdEBYIQjjFO.jpg"
"71267","Kirk DeMicco","/vEcXffLqcVzhabExWRYUjXoXPLn.jpg"
"8676","Dean Devlin","/lO8HDHI3aVrpVubWb2DH1jeqM40.jpg"
"1486322","David Wachtenheim","/pY4sQL4gOJXELp2VKtwkGoTxEpy.jpg"
"58292","Aaron Schneider","/q2smVJcz3XnTs0guc2nGbvcCWR4.jpg"
"1699095","Bill Oliver",
"138","Quentin Tarantino","/1gjcpAa99FAOWGnrUvHEXXsRs7o.jpg"
"1719706","Aaron Horvath","/6AOmWzdJas3xh0xJOk1mHPstNs2.jpg"
"1145520","Ari Aster","/wQVcT9XxuUaRpitr17iF4IMsTis.jpg"
"3564457","Jack E. Bell","/db5cg2wIfrCASypvWJRqivoHZh8.jpg"
"1422940","Martin Bourboulon","/2AXctVOQp9T12r1L4iB0UptLNsj.jpg"
"85675","Rajkumar Hirani","/wNnmF3mzG7kyaTYuFr5uMpHIJSw.jpg"
"10076","Lewis Gilbert","/a7Kt2d6sPymVtYn5M8agzzeecCe.jpg"
"76965","Jon S. Baird","/qs6Zx4RpQQ7fUH9X1iOqowZeFJT.jpg"
"1951095","Trevor Kirschner","/t7R7wbZwc1DFqsVaRDFJBJh3hge.jpg"
"1362555","Lu Yang","/mCvn5Gj38yk5qsSNKx6delkoa2v.jpg"
"5174","Barry Sonnenfeld","/n6y6vaAFfSqsJodgkwTxAey4NoG.jpg"
"8685","Andrew Niccol","/jTNhskoCvZsLqZwk5CFIrMpCftx.jpg"
"129894","Gareth Edwards","/mHk82Va9IGl1cl4ywQdQWP56MPn.jpg"
"2103746","Emma Tammi","/bgHkkhd81myw0AifoLNSmlyxFoG.jpg"
"39","Sam Mendes","/5z89X9rB76JDblqMQ52fviwXxAN.jpg"
"165787","Rich Moore","/oIAmkZf9LuJuMqR8zSchoD3FJT8.jpg"
"126145","Sarah Gibson",
"380","Robert De Niro","/cT8htcckIuyI1Lqwt1CvD02ynTh.jpg"
"93286","Cate Shortland","/4XvyAyqYH8QDMbo0OwZtRHtbLti.jpg"
"1702023","Myeong Seok Hwan",
"1137903","Sam Taylor-Johnson","/4iWEBM7B4nANVZcRaID9XHo4tPl.jpg"
"1280021","Kristoffer Borgli","/vihxXj8z450fz0D1pmfulIqPJvz.jpg"
"7348","Carlos Carrera","/xJCfZ69eUxx6B7GtrCBLoIgwFsX.jpg"
"36697","Gábor Csupó","/h78onamy0s7rDWtlbarRVGZqWF.jpg"
"15775","Kevin Lima","/kNqnN6z8S6DcfSTBDQ4G8pYXb3S.jpg"
"15774","Chris Buck","/ponaYm3Xr1Pki8JVDSIzfA4NkNw.jpg"
"16863","Todd Haynes","/h11kdTCA8QOMpihH12Wz2phQkW2.jpg"
"12028","John Moore","/n3czTYjeuJHaTLvMHllnT35uhnF.jpg"
"40","Orson Welles","/e9lGmqQq3EsHeUQgQLByo275hcc.jpg"
"51679","John Ridley","/cORKkGcAHz6I6qiFFPMpjFiyxaW.jpg"
"565121","Thomas Vincent",
"42","Lars von Trier","/rlUAvvpXwSA3Qihl3vDW7RtWagH.jpg"
"1506160","Seimei Kidokoro",
"8452","Andrei Tarkovsky","/mytn9s5kc6CqzKZtbuJ73oA6ujy.jpg"
"10051","Tobe Hooper","/rE5TqnAvgaKjWwWZ9AsoU9KcUGU.jpg"
"6038","Greg Strause","/uYLWnaZ0yTR24ykfgkROElCwiP6.jpg"
"6037","Colin Strause","/l2kKglzUn9j2Hgio3lBzOXErHfc.jpg"
"26875","Hideo Nakata","/nGrrV7iZeYORB3VD4lfqYY8xFHy.jpg"
"32082","Andrzej Żuławski","/A9OzmL6AJmqGfqEyGo1pvG3o8Fo.jpg"
"1120883","Sam Hargrave","/mq7KgHiyuwFOvxuEg8p0Z30pybY.jpg"
"531105","Demián Rugna","/f1H00UaLvTwDYG614SJWdVLy1SZ.jpg"
"87877","Roar Uthaug","/1Uns68Fkz5ZIULfS6XB7uGtzcVR.jpg"
"1019920","Mototsugu Watanabe","/8KAQGswDMZ2qus2xBsnC0psdojW.jpg"
"2655637","Joel Kachi Benson",
"21183","Nicolas Winding Refn","/o1PZZaqPbYt6f6e8PJkES73QKTG.jpg"
"1403129","Jimmy Chin","/vTnFy4I20gPGMu7YFFv1qiRCpnK.jpg"
"16837","Mark Steven Johnson","/fhMvsLJyTDfj39qPSR6ZBEEMoDE.jpg"
"12238","David Lean","/dzwMuydy2x3JwaTBfBSq8c02qz4.jpg"
"1211000","Tom Gormican","/7XdjdjSdiCTSUp0f30fsTtLBXjS.jpg"
"59","Luc Besson","/bLVPnHMVFZ7wrF6ovMVF5U1UX89.jpg"
"11151","Nick Cassavetes","/dJUkVrUyLYJJwG8hRq0kglZ7yyv.jpg"
"6046","Roland Emmerich","/mN8x74uv9yQ7dJl8nh2q26mkY8v.jpg"
"21198","Peter Sohn","/8cQGViF2lXlcsAIvFUMWboXYXIu.jpg"
"1293994","Jon Watts","/fkXChMX6CUXY1yOxBehAzvaTCl7.jpg"
"74565","Jack Kinney","/kmHThLI4VdyMVvsg8PDEBwZ1vWs.jpg"
"65855","Ralph Zondag",
"1745178","Nick Bruno","/A1jpfgXP2muxY0EkEygvStlCVzl.jpg"
"65856","Eric Leighton",
"910328","Adam Rehmeier","/sybVxdZMjdlfe9dWZOt9r71p1yZ.jpg"
"26648","Luis Llosa","/mL2FmYTZvnvP4kJ9heOQLk5BT9m.jpg"
"1039527","Tyler Gillett","/ynHIaic0nC2tDE1BKx1g5tmabbt.jpg"
"78914","Noam Murro","/6j021ZfF0abpaJbKWExpbWNacrk.jpg"
"16847","Eli Roth","/qQTkpxzh1FlBGL1HD5hzdUMxv49.jpg"
"1144604","Destin Daniel Cretton","/s8uAUG9egZlRIU0PKNkTkIz9E6g.jpg"
"586002","Andrew Haigh","/pJAv105SAZiQ3lGY2wGURz4bENp.jpg"
"1448492","Castille Landon","/s1oXtmqyG9X0uDfiU5HidPB6BJx.jpg"
"68","Fritz Lang","/zb7VF00t04zBaU4OJEihrD5O56s.jpg"
"71068","Phyllida Lloyd","/1uY3e0Mo2K2PYZIlW6dKtPrXKyo.jpg"
"154865","Siân Heder","/sTJnldwESQ7Bbc5EjzoE018KV0k.jpg"
"236761","Stefano Mordini","/o1eHRzQZGukPqBJEu7JfuQDqzwH.jpg"
"119419","Deon Taylor","/aDM9cNpidIfePO1KFHJjkLi14NO.jpg"
"225622","Laura Chinn","/iSQmQqBBUAELQnF8Q4prYGl8iZX.jpg"
"66719","Felix Chong","/wHj20vu9YyjirlfloBwOxWlTe1S.jpg"
"65629","Bibo Bergeron","/vMn3y1RUea6vFdYk472a9Zq3lFj.jpg"
"1932178","Carlos López Estrada","/hmmicxProrj8sXYu5obBu5QNsNR.jpg"
"1338249","Gary Dauberman","/utWxbobxeJBRAaohiNIsIQBvuxe.jpg"
"14639","Mel Brooks","/c21qNcMJlHnRolfhQhZOVacjtwI.jpg"
"26850","Eduardo Sánchez","/avKJyjTHky4OenGxepCjj1BYZYB.jpg"
"86325","Ryoo Seung-wan","/mvLK4P2n5fMlE0Sdxfw6flRk09s.jpg"
"2409498","Guillermo Lockhart",
"54734","Evan Goldberg","/uKZFcTB7FS47WvRFcp5wv3f7hJM.jpg"
"12453","Wong Kar-wai","/wjNI9KM9qJSYZHxkjD4Pm81kfc4.jpg"
"54733","Greg Mottola","/A5gy0fV3ndwkaCKnX017CKPNXve.jpg"
"90812","Scott Mann","/8WygpUzfdfztZQqxGE5zn3rCedJ.jpg"
"1361264","Timm Kröger",
"36425","McG","/sEcoHVCqc2IrJkxgixGHrDytsyd.jpg"
"144816","Chris McKay","/mQ42IPTpYQUOHuaVj19O1rBaZx9.jpg"
"1473453","Stéphan Castang",
"7396","Peter Farrelly","/3PDYOFfk5NLmNcEz6SFZmdmqVZr.jpg"
"402272","Anna Foerster",
"1968322","Robin Bain","/efO5VVOI5hb0r5neBK1RmeGMVGF.jpg"
"7395","Bobby Farrelly","/i5mt42m2MjMpFVrVYlYmp5ylLDy.jpg"
"1399842","Bilall Fallah","/thwiN6FPRkCtzrP7PrmrwaEIFtv.jpg"
"1399841","Adil El Arbi","/hpl12TXFDUjzomftx7zST3M2aLg.jpg"
"1739727","Rajesh Krishnan",
"107446","Phil Lord","/yGLAUCnWwB0cQM0Ivb5FKzv3tr4.jpg"
"7399","Ben Stiller","/scgpxhI05JpdNXXfmpK6z0rPOWN.jpg"
"65630","Rob Letterman","/bgsnUXYPWsRDuo3B0f9wthXKxll.jpg"
"10042","Sérgio Machado","/hXf14FCTI2MwuoT48bHIo90pwOF.jpg"
"8246","Barry Levinson","/auf7SnoOE9FULo8KhSSL8c2Yrlb.jpg"
"9577","George Roy Hill","/6jxDyQaSTrCD69VOkwijroOx8cf.jpg"
"98537","John Stalberg Jr.",
"67813","Baltasar Kormákur","/bC9ifwIjsR3VTgJv83Px71mroTl.jpg"
"183","Koji Morimoto","/8e7n72mS0hGLnHuMs7cv7EzvIXT.jpg"
"1059588","Eshom Nelms","/Wx1tUqTvN0hz070gQcCoCZlEnT.jpg"
"185","Katsuhiro Otomo","/hMxQlQa0cKLx086va8KDIyOdxO1.jpg"
"66728","Jonathan Glazer","/8pFNxscgellE6rhT5399eM00GAG.jpg"
"119410","Wong Ching-Po",
"555526","Laura Luchetti","/oa5K2S1yRrSw9gfcLqUFtJyUHEs.jpg"
"1636365","Just Philippot","/A6i6hDxwIX0CRXoJRqjI7i23WXn.jpg"
"1641707","Soumendra Padhi",
"1450348","Joel Crawford","/3F60mZB4sGgB51jAIglwn6OrUgB.jpg"
"82194","Neill Blomkamp","/yj40QEEfjbRFnlwY0XunocNKdAe.jpg"
"54507","Jon M. Chu","/yuspEo9AXGbdCYcrWfnbhG7U5Jo.jpg"
"1238965","Bora Dagtekin","/roDOk18jp6EPdasAAnwVrKDxJXK.jpg"
"983909","Kelly Fremon Craig","/knXjYHcC89uq6TDzeK4xsXLhZds.jpg"
"41671","Nimród Antal","/x0fSNFKlhcAbbuvFPHPuTSUvOBY.jpg"
"41670","Rebecca Miller","/s0jjPvcX4i8yd7IiBuvnrJ7FbT3.jpg"
"88084","Luis Prieto","/myTjHjsyzWtQakUxswKOTfhL2KE.jpg"
"18897","Jackie Chan","/nraZoTzwJQPHspAVsKfgl3RXKKa.jpg"
"190","Clint Eastwood","/dU35NnjZ4aGw5abIJe3WXVf3Eey.jpg"
"57581","Neil Marshall","/niiQO8m2fEIdmEBYdawulBSIzwY.jpg"
"20739","Adam Shankman","/6Eu0BNd8rMuXaIXkF7nPD7qYYW2.jpg"
"107490","Jaco Van Dormael","/rk75irXX169NGCSKhQ8PBBbqTJD.jpg"
"70792","David Hogan",
"21825","Nick Lyon",
"40345","Don Bluth","/vzeIEidWO7v2Dfw7iMv3Xjnmfwd.jpg"
"9340","Lana Wachowski","/4nE4ttPQBuw1virOz0LYT08c1Vm.jpg"
"142013","Gareth Evans","/2skpocnewERTPODPNvwgL5czLzG.jpg"
"59521","Jaume Collet-Serra","/s1MdlS2wnzfKevPfXK63V1qkwfI.jpg"
"1296663","Midhun Manuel Thomas","/tIB5kKXeTOrn7i3mF8LM273TR5A.jpg"
"17329","Neil Burger","/vTNNx4d3uy6v30DmWCRcqeBxeGb.jpg"
"9339","Lilly Wachowski","/rCScAjSpeKA19BLNR07MqNNeeTT.jpg"
"15148","Jon Amiel","/tZf4VLvFobxizCzDQ6xQdygGT9.jpg"
"1277907","Yosep Anggi Noen","/7NnRWYUwRVLv8U4juJqtM9tplQe.jpg"
"236539","Jordan Vogt-Roberts",
"18898","Rob Minkoff","/fn5QA0bqJn6tk4Wt1QonjojFPjd.jpg"
"10930","Irvin Kershner","/imtFUtcASoh2e1Emtt62UuFkIWA.jpg"
"1614","Ang Lee","/lwhIzt4PVNrsfOXuZcKXhtPE83P.jpg"
"2945","Stephen Gaghan","/bApESY40VIkkjIu8pxgODTiiJFt.jpg"
"16483","Sylvester Stallone","/Aprx4oBGwdTPHqlfcYbjWlCK3aI.jpg"
"8023","Kyle Balda","/uay7ZJLuW47ClGfQ4FGWgXZOerv.jpg"
"40333","Satoshi Kon","/b7Oqg1bjS0e2iEzEjYWnsyVVagt.jpg"
"2009739","Domee Shi","/qswD23e2Hx91SiaxyiLZHz8glNu.jpg"
"56263","Mary Lambert","/q8Fir0mq5t0iBbwjaERCvYPofzI.jpg"
"10943","Francis Lawrence","/pyGWo5mAwZ2Koe6leB2RjKd7vmc.jpg"
"2710","James Cameron","/9NAZnTjBQ9WcXAQEzZpKy4vdQto.jpg"
"10702","Martin Campbell","/4AiUb5lciEXdgOXFWAdebQUhEb9.jpg"
"57113","Dan Gilroy","/am569DiWC0blnbM98ZphiwBItsS.jpg"
"10707","Terry Jones","/keJpqxK8gykrrK2W6yeSeDUbYDK.jpg"
"1032536","Robert Stromberg","/wmg5MgMd3Kx9Tk7QQbV9GLg30yd.jpg"
"3943045","Atta Hemwadee","/gwfckq8zmBrkTkfLq0RDsdvQWp5.jpg"
"9108","Don Taylor","/6Gg2DR2oP3qUPTEomlJi7i4dne9.jpg"
"18669","J. Lee Thompson","/rwQnqkQJtMIRoQwHakItP2OAyoa.jpg"
"7187","Richard Donner","/wjRecQiVLUAm6jwyT5craxhg3lD.jpg"
"93214","Steven Quale","/5egEoUCfyEMxjznMwYU27PbTrkn.jpg"
"72757","Steve McQueen","/toU1yd6PFn88utmDpWTZ69h5Pkr.jpg"
"92125","Conrad Helten",
"12099","Raman Hui","/r0Jqj3YlO9CuhWExI6rUuQpQJ3x.jpg"
"2097601","Ari Costa",
"12098","Chris Miller","/qKdbhP9amIRlydcoivWlTx3szuS.jpg"
"132239","Babak Najafi","/cY5WshSHPm8pRfmqgcze0nmF3ko.jpg"
"111736","Klay Hall",
"2187177","Pushkar Ojha",
"168667","Jason Moore","/iM4Dwtt8JSOYyZSgPOuBn89MWeu.jpg"
"27103","Graham Phillips","/qyEOvDgUEB7r2hc3DlYmB3wCVjN.jpg"
"1773871","Dave Wilson","/p7Usoy0kYv5WH66uxmrR1ERuio6.jpg"
"18635","Ted Post","/y6IpMgvlUkHlVMSPXe0LydBBxwR.jpg"
"18878","Rob Cohen","/kVbB8Q0g8eXsn8l81flyC6TgMPW.jpg"
"66074","Bryan Bertino","/8vGpQ5cQZMJEttCxOWiPjYENNpc.jpg"
"3205442","Ben Van Kleek",
"91268","Ruben Fleischer","/3JLxOPFTLigSy8FjFjDyMwD9GIp.jpg"
"57130","Todd Phillips","/A6FPht87DiqXzp456WjakLi2AtP.jpg"
"84969","Kim Yong-hwa","/7Y7v7kInxRFLYYr6zNib8E3CcXR.jpg"
"113901","Michael Jelenic","/y0tGxhXsvmxpXpFniUMyBEuAMvD.jpg"
"572295","Howard J. Ford",
"1884","Steven Soderbergh","/872DPaUxTlAOhxBb70h3vaWhMvz.jpg"
"57134","James Wong","/uIo0Bk5HG4RRuvekKRGANzwBZin.jpg"
"1938744","Shinichiro Ushijima","/vNrNNafv5hM1EW3CMqY32F1peV6.jpg"
"59315","Olivia Wilde","/twK76nQ46YP7gfunX7xFZuFKOg7.jpg"
"1837958","Oleg Malamuzh","/uBlhOVRkIwgGSt10rZnzVyDAS9U.jpg"
"81220","Dante Lam Chiu-Yin","/4xXjPWxN8AwUdh3yL0lp1XjTCLs.jpg"
"2578611","Kourosh Ahari",
"73609","Nicolas Wright","/cYG8YI40q1YtOAsl5oGWqcUPCzJ.jpg"
"1398126","Giorgio Testi","/v3gjVT2QIiYce7ZMT1fJlxTDuLd.jpg"
"2093022","Jennifer Kluska","/nTMgpEqRRt3hPG4KjlKdkX8z1Bj.jpg"
"15344","J.J. Abrams","/k4IWd2RV5kY1kAL2VgKQwFvnCLP.jpg"
"131564","Yasuhiro Yoshiura","/tbrspN6WtImUMNg288WTZJA80N.jpg"
"8296","Christophe Gans","/x4ILnMIY8hYXFpJj5d4M2VTQeFb.jpg"
"1414","Goro Miyazaki","/9NapAMlmo6weZKW56KfkgzXrQZt.jpg"
"2088912","Jiwon Moon",
"12079","Kelly Asbury","/fzHQFYLc1zVVn3dUjr6pMuKdE0U.jpg"
"15347","Michael Giacchino","/1zKiTAfMpc3I8oxdLahx3k6KOOV.jpg"
"15345","Alex Kurtzman","/uDZxuaV19OYMhN7vuuVg1bSlqUM.jpg"
"81495","Keiichi Hara","/8ormRfEq9wIpxVOGNrbPWw9DD81.jpg"
"52935","John Francis Daley","/rKZL3e8gI2tQD6Kv0QojXK5sG4u.jpg"
"1341472","Jeff Tomsic",
"1410291","Amit Sharma",
"1214368","Randall Zisk","/70VovaU7buN3vGFqdqzloCdUkBs.jpg"
"9158","Sharon Maguire","/1EoTNYeTO4msaxZGWcKdL4FDrbZ.jpg"
"97827","Jose Prendes","/gEvn6wiH949ABcrD5Qiv1WrNhHE.jpg"
"18863","Eric Darnell","/l3yiLuFKqpPlDGWH0kKA0X1jZKM.jpg"
"18864","Tom McGrath","/83lSBvaRShYObPvhE89UDUkUfWo.jpg"
"61411","Mark Dindal","/333OWiQBGLBjAWUemWySFzxCbhx.jpg"
"1053420","Josh Boone","/tFk14jU4M2C9mdYMhAGoZLghvy0.jpg"
"42710","Keegan Connor Tracy","/lP5rlqK8YIqobtFghURPbNdN5zw.jpg"
"12080","Conrad Vernon","/c7MIz3sy6UPhBh9YnThd7j8ypdl.jpg"
"1039364","Mike P. Nelson","/wVK5bqU88avx8mYN2EBfJNzWIww.jpg"
"27571","David Slade","/9jL9OasecqvhQFvGYQtB4K6omGf.jpg"
"1739102","Domingo González",
"3879718","Benjamin Brewer",
"51851","Jake Kasdan","/pIpY7zcBSpq6Z3Q1eADPtKDB043.jpg"
"69371","Jean-Marc Vallée","/2qeYBWtDDnkUDOiSsE43wwViwSt.jpg"
"18865","Louis Leterrier","/bpqqRRyCLeoAup2OAv1Dtm5C8Tn.jpg"
"50767","Craig Gillespie","/pVHspL9QWsXCm3t3VXEaCJ9y8Zz.jpg"
"1649802","Meredith Hama-Brown",
"1398105","Sébastien Drouin",
"1500839","Jordan Castillo",
"589915","Eiichirō Hasumi","/sl7WntgppW1GAaSyTZF1fIGkGuv.jpg"
"157738","Shawn Seet","/cKcpVchglb9ULUWJ3Atlcbg1cmp.jpg"
"107274","Richard Rich","/bKaRmIFNXVReAWgV2WkBAq17C0O.jpg"
"574660","Srđan Spasojević","/hjD18tfXNlZlgHSUqhAc5c602ej.jpg"
"122423","Yorgos Lanthimos","/kwKfSubzU8B0uLCEiPvY1mGOVwZ.jpg"
"20907","Antoine Fuqua","/rPqqpDp0quYlmBiiMndzq2VdFgJ.jpg"
"58498","Dominic Sena","/oSmE4r1Lg3earvq4DLInp3N7UMF.jpg"
"1676178","Dave Bresnahan","/l7I28eAiQKJJrrvoqlw3K5T4xd5.jpg"
"12058","Vicky Jenson","/dDSlofPZbJxtYBO2f73XjNwcFVT.jpg"
"4945","Joe Johnston","/fbGZo6CG9Z9zKFh8D5wHunyu7gJ.jpg"
"76927","Tommy Wirkola","/lhvD0FltdzJqrI5xr5IN90nyh6f.jpg"
"1728432","Amit Joshi",
"1485823","Thomas Kail","/fe568wCZjaM7ZmSMcraYe3XN3tt.jpg"
"17510","Ol Parker","/emW4AxRaKnKPkhR5wXttIA5qr24.jpg"
"3259226","Rahul Sadasivan","/m61dA8W9fLdhgfLMdEPXalPYush.jpg"
"62762","Bess Wohl","/6G82Kb4abS2GxieeQZX7rL2Ltva.jpg"
"4518533","Li Wei",
"1039349","Hitoshi One","/23D7utmtUqYRFOpmUc2vOu8qBDx.jpg"
"1201","Garry Marshall","/ergjvb7J3UnbBnX1f7GvFVZSaci.jpg"
"52961","Dennis Gansel","/tf34YKOXKKzE3ib21FSFiACCWi2.jpg"
"1242819","Nicol Paone","/l9XsoDLnThvjXFjfa9oBWBTVYeG.jpg"
"30715","Terrence Malick","/6FSi5aeyCNxJp96gxOmX7R4hCFu.jpg"
"52968","Russell Mulcahy","/gzJDD5bj0fBgvyb2puB6O951Gnv.jpg"
"4955","Dario Argento","/2WjQlcLxhvmO9NtCfNh2npMVYqp.jpg"
"4956","Bernardo Bertolucci","/b0W7CtXxbo24sX8TPnDlLTYfc2E.jpg"
"30711","Kenneth Lonergan","/3QyZJSKOM4LJrGBu0vTqzSOdKGt.jpg"
